Keyword,Match Type,Campaign,Ad Group,Impressions,Clicks,Cost,Registrations,CPC,CPA,CTR %,Conv Rate %
"""bulk products""",Phrase match,AU_Generic,Bulk_Products_Phrase,6233,652,3690.67,0,5.66,,10.46,0.0
"""business amazon""",Phrase match,AU_Brand_Phrase,Pure_ Phrase,1808,158,1407.65,15,8.91,93.84,8.74,9.49
"""bulk goods""",Phrase match,AU_Generic,Bulk_Products_Phrase,1793,182,1066.98,0,5.86,,10.15,0.0
"""professional beauty products""",Phrase match,AU_Generic_P-V_Beauty,Products_Cosmetics_Phrase,2227,147,905.13,8,6.16,113.14,6.6,5.44
[amazon business],Exact match,AU_Brand_Exact,Pure_Exact,3668,1375,822.19,87,0.6,9.45,37.49,6.33
"""wholesaler traders""",Phrase match,AU_Generic,Wholesalers_Enterprises_Phrase,1084,98,812.88,0,8.29,,9.04,0.0
"""products in large quantities""",Phrase match,AU_Generic,Bulk_Products_Phrase,1032,125,739.12,0,5.91,,12.11,0.0
"""cleaning products""",Phrase match,AU_Generic_P-V_Janitorial,Products_Phrase,2682,172,725.72,3,4.22,241.91,6.41,1.74
"""buy bulk""",Phrase match,AU_Generic,Bulk_Buy_Phrase,1121,142,719.94,0,5.07,,12.67,0.0
"""bulk distributor""",Phrase match,AU_Generic,Bulk_Distributors_Phrase,820,82,649.71,0,7.92,,10.0,0.0
"""wholesaler au""",Phrase match,AU_Generic,Wholesalers_Phrase,744,81,607.94,0,7.51,,10.89,0.0
"""jars bulk""",Phrase match,AU_Generic_P-V_Food,Plates_Bulk_Phrase,941,124,604.5,5,4.88,120.9,13.18,4.03
"""industrial cleaning products""",Phrase match,AU_Generic_P-V_Janitorial,Industrial-Chemicals_Phrase,2006,77,552.69,3,7.18,184.23,3.84,3.9
"""bulk buy food""",Phrase match,AU_Generic_P-V_Food,Food_Bulk_Phrase,1406,174,515.5,4,2.96,128.88,12.38,2.3
"""wholesale products""",Phrase match,AU_Generic,Wholesales_Products_Phrase,1163,139,504.82,0,3.63,,11.95,0.0
"""amazon business information""",Phrase match,AU_Brand_Phrase,Navigation_Phrase,820,51,495.96,2,9.72,247.98,6.22,3.92
"""wholesale other""",Phrase match,AU_Generic_P-V_Apparel,Hosiery & Socks_Wholesales_Phrase,926,112,467.45,0,4.17,,12.1,0.0
"""clothing wholesalers""",Phrase match,AU_Generic_P-V_Shops,Wholesale_Clothing,593,56,455.04,3,8.13,151.68,9.44,5.36
"""buy bulk sweets""",Phrase match,AU_Generic_P-V_Food,Sweets_Bulk_Phrase,1167,126,454.58,2,3.61,227.29,10.8,1.59
"""amazon for business""",Phrase match,AU_Brand_Phrase,Pure_ Phrase,443,76,451.28,6,5.94,75.21,17.16,7.89
"""bulk packaging""",Phrase match,AU_Generic,Bulk_Products_Phrase,650,80,443.42,0,5.54,,12.31,0.0
"""amazon company account""",Phrase match,AU_Brand_Phrase,Account_ Phrase,426,40,424.86,3,10.62,141.62,9.39,7.5
"""wholesale foods""",Phrase match,AU_Generic_P-V_Food,Food_Wholesale_Phrase,804,89,402.31,2,4.52,201.16,11.07,2.25
"""bulk cleaning""",Phrase match,AU_Generic_P-V_Janitorial,Products_Bulk_Phrase,1095,66,390.67,3,5.92,130.22,6.03,4.55
"""desk equipment""",Phrase match,AU_Generic_P-V_Office,Products_Phrase,1244,86,385.77,1,4.49,385.77,6.91,1.16
"""bags distributors""",Phrase match,AU_Generic_P-V_Apparel,Accessories_Distributors_Phrase,694,86,383.48,0,4.46,,12.39,0.0
"""professional salon products distributors""",Phrase match,AU_Generic_P-V_Beauty,Salon-Spa_Distributors_Phrase,846,60,382.93,4,6.38,95.73,7.09,6.67
"""cleaning distributors""",Phrase match,AU_Generic_P-V_Janitorial,Distributors_Phrase,936,66,376.25,3,5.7,125.42,7.05,4.55
"""amazon business portal""",Phrase match,AU_Brand_Phrase,Navigation_Phrase,419,40,361.04,4,9.03,90.26,9.55,10.0
"""bulk paper products""",Phrase match,AU_Generic_P-V_Janitorial,Paper_Bulk,517,57,345.89,3,6.07,115.3,11.03,5.26
"""buy janitorial""",Phrase match,AU_Generic_P-V_Janitorial,Purchasing_Phrase,1219,59,330.68,0,5.6,,4.84,0.0
"""business cards business""",Phrase match,AU_Generic_P-V_Office,Office-Supplies_Phrase,910,53,319.47,1,6.03,319.47,5.82,1.89
"""clothing bulk""",Phrase match,AU_Generic_P-V_Shops,Clothing_Bulk_Phrase,563,65,317.4,0,4.88,,11.55,0.0
"""wholesale equipment""",Phrase match,AU_Generic,Wholesales_Products_Phrase,389,52,316.75,0,6.09,,13.37,0.0
"""cleaning buy""",Phrase match,AU_Generic_P-V_Janitorial,Purchasing_Phrase,1132,75,304.91,0,4.07,,6.63,0.0
"""business cards online""",Phrase match,AU_Generic_P-V_Office,Office-Supplies_Phrase,745,47,291.32,1,6.2,291.32,6.31,2.13
"""bulk pet supplies""",Phrase match,AU_Generic_P-V_Shops,Bulk_Pet Shop_Phrase,563,50,288.1,2,5.76,144.05,8.88,4.0
"""amazon business prime""",Phrase match,AU_Brand_Phrase,Prime_Phrase,318,25,286.22,0,11.45,,7.86,0.0
"""office supplies""",Phrase match,AU_Generic_P-V_Office,Office_Phrase,1278,88,280.58,0,3.19,,6.89,0.0
"""amazon business au""",Phrase match,AU_Brand_Phrase,Pure_ Phrase,283,31,269.92,2,8.71,134.96,10.95,6.45
"""amazon prime business""",Phrase match,AU_Brand_Phrase,Prime_Phrase,205,21,269.21,3,12.82,89.74,10.24,14.29
"""t-shirts suppliers""",Phrase match,AU_Generic_P-V_Apparel,Tops_Suppliers_Phrase,444,54,268.33,0,4.97,,12.16,0.0
"""store fittings""",Phrase match,AU_Generic_P-V_Shops,Furniture_Phrase,598,55,267.03,1,4.86,267.03,9.2,1.82
"""makeup suppliers""",Phrase match,AU_Generic_P-V_Beauty,Makeup_Supplier_Phrase,463,45,264.08,1,5.87,264.08,9.72,2.22
"""purchasing bulk""",Phrase match,AU_Generic,Bulk_Buy_Phrase,462,60,260.08,0,4.33,,12.99,0.0
"""amazon business account""",Phrase match,AU_Brand_Phrase,Account_ Phrase,235,24,258.26,2,10.76,129.13,10.21,8.33
"""computers for business""",Phrase match,AU_Generic_P-V_Electronics,Computers_Phrase,1216,45,252.07,0,5.6,,3.7,0.0
"""amazon au business""",Phrase match,AU_Brand_Phrase,Pure_ Phrase,307,23,247.53,2,10.76,123.77,7.49,8.7
"""wholesale glassware""",Phrase match,AU_Generic_P-V_Food,Cultlery_Wholesale_Phrase,363,44,245.98,4,5.59,61.5,12.12,9.09
"""chocolate wholesalers""",Phrase match,AU_Generic_P-V_Food,Food_Wholesalers_Phrase,255,40,242.11,1,6.05,242.11,15.69,2.5
"""bulk chocolate""",Phrase match,AU_Generic_P-V_Food,Food_Bulk_Phrase,525,62,238.2,3,3.84,79.4,11.81,4.84
"""cosmetics wholesaler""",Phrase match,AU_Generic_P-V_Beauty,Wholesalers_Cosmetics_Phrase,563,43,236.16,0,5.49,,7.64,0.0
"""suppliers products""",Phrase match,AU_Generic,Suppliers_Products_Phrase,445,37,234.14,0,6.33,,8.31,0.0
"""bulk skin care products""",Phrase match,AU_Generic_P-V_Beauty,Skin-Care_Bulk_Phrase,641,62,224.96,2,3.63,112.48,9.67,3.23
"""bottles wholesale""",Phrase match,AU_Generic_P-V_Food,Drinks_Wholesale_Phrase,360,42,217.62,2,5.18,108.81,11.67,4.76
"""wholesale casual""",Phrase match,AU_Generic_P-V_Apparel,Dresses_Wholesales_Phrase,460,55,217.28,0,3.95,,11.96,0.0
"""bulk bath products""",Phrase match,AU_Generic_P-V_Beauty,Skin-Care_Bulk_Phrase,338,42,216.94,1,5.17,216.94,12.43,2.38
"""au suppliers""",Phrase match,AU_Generic,Suppliers_Phrase,366,44,209.52,0,4.76,,12.02,0.0
"""bulk cups""",Phrase match,AU_Generic_P-V_Food,Kitchen Tools_Bulk_Phrase,343,38,206.79,1,5.44,206.79,11.08,2.63
"""bulk take out boxes""",Phrase match,AU_Generic_P-V_Food,Kitchen Tools_Bulk_Phrase,362,47,206.1,0,4.39,,12.98,0.0
"""shirts distributors""",Phrase match,AU_Generic_P-V_Apparel,Tops_Distributors_Phrase,426,67,202.13,0,3.02,,15.73,0.0
"""bulk water bottles""",Phrase match,AU_Generic_P-V_Food,Drinks_Bulk_Phrase,362,51,201.51,0,3.95,,14.09,0.0
[amazon business account],Exact match,AU_Brand_Exact,Account_Exact,648,213,200.93,44,0.94,4.57,32.87,20.66
"""commercial tv screens""",Phrase match,AU_Generic_P-V_Electronics,Televisions_Phrase,428,39,200.91,1,5.15,200.91,9.11,2.56
"""bulk cleaning supplies""",Phrase match,AU_Generic_P-V_Janitorial,Supply_Bulk_Phrase,551,32,192.64,2,6.02,96.32,5.81,6.25
"""tissue paper distributor""",Phrase match,AU_Generic_P-V_Janitorial,Paper_Distributor_Phrase,301,32,191.45,0,5.98,,10.63,0.0
"""foods wholesalers""",Phrase match,AU_Generic_P-V_Food,Food_Wholesalers_Phrase,474,42,188.19,0,4.48,,8.86,0.0
"""companies business""",Phrase match,AU_Generic,Enterprises_Shop_Phrase,318,25,188.0,0,7.52,,7.86,0.0
"""other suppliers""",Phrase match,AU_Generic_P-V_Apparel,Hosiery & Socks_Suppliers_Phrase,443,31,187.31,0,6.04,,7.0,0.0
"""office electronics""",Phrase match,AU_Generic_P-V_Office,Office_Phrase,550,39,184.9,0,4.74,,7.09,0.0
"""professional vacuums""",Phrase match,AU_Generic_P-V_Janitorial,Floor-Care_Phrase,527,37,182.59,0,4.93,,7.02,0.0
"""commercial kitchen supplies""",Phrase match,AU_Generic_P-V_Food,Food_Suppliers_Phrase,413,43,180.93,0,4.21,,10.41,0.0
"""office furniture""",Phrase match,AU_Generic_P-V_Office,Furniture_Phrase,577,65,178.75,1,2.75,178.75,11.27,1.54
"""suppliers purchases""",Phrase match,AU_Generic,Suppliers_Products_Phrase,182,22,176.74,0,8.03,,12.09,0.0
"""online shop for companies""",Phrase match,AU_Generic,Enterprises_Shop_Phrase,347,26,174.32,0,6.7,,7.49,0.0
"""bulk fresh foods""",Phrase match,AU_Generic_P-V_Food,Food_Bulk_Phrase,333,21,170.81,0,8.13,,6.31,0.0
[amazon business australia],Exact match,AU_Brand_Exact,Pure_Exact,373,147,170.66,18,1.16,9.48,39.41,12.24
"""amazon business""",Phrase match,AU_Brand_Phrase,Pure_ Phrase,184,21,168.43,2,8.02,84.22,11.41,9.52
"""buy wholesale""",Phrase match,AU_Generic,Wholesales_Buy_Phrase,221,25,153.55,0,6.14,,11.31,0.0
"""drinks wholesale market""",Phrase match,AU_Generic_P-V_Food,Wholesales_Food_Phrase,144,27,153.42,0,5.68,,18.75,0.0
"""hats wholesale""",Phrase match,AU_Generic_P-V_Apparel,Outerwear_Wholesales_Phrase,273,26,153.17,0,5.89,,9.52,0.0
"""drinks wholesalers""",Phrase match,AU_Generic_P-V_Food,Food_Wholesalers_Phrase,155,25,152.24,1,6.09,152.24,16.13,4.0
"""wholesale electronic products""",Phrase match,AU_Generic_P-V_Electronics,Electronics_Wholesale_Phrase,304,23,151.97,5,6.61,30.39,7.57,21.74
[amazon business registration],Exact match,AU_Brand_Exact,Account_Exact,80,18,150.36,3,8.35,50.12,22.5,16.67
"""buy bulk online""",Phrase match,AU_Generic,Bulk_Buy_Phrase,193,26,148.88,0,5.73,,13.47,0.0
[amazon business account au],Exact match,AU_Brand_Exact,Account_Exact,64,24,148.15,4,6.17,37.04,37.5,16.67
"""items for companies""",Phrase match,AU_Generic,Enterprises_Products_Phrase,306,23,146.81,1,6.38,146.81,7.52,4.35
"""bulk beverages""",Phrase match,AU_Generic_P-V_Food,Food_Bulk_Phrase,270,43,145.61,0,3.39,,15.93,0.0
"""wholesale purchases""",Phrase match,AU_Generic,Wholesales_Buy_Phrase,291,25,145.04,0,5.8,,8.59,0.0
[how to create an amazon business account],Exact match,AU_Brand_Exact,Navigation_Exact,59,13,141.71,4,10.9,35.43,22.03,30.77
"""bulk seasoning""",Phrase match,AU_Generic_P-V_Food,Food_Bulk_Phrase,325,30,139.05,1,4.64,139.05,9.23,3.33
[how to set up a business amazon account],Exact match,AU_Brand_Exact,Navigation_Exact,61,13,138.73,3,10.67,46.24,21.31,23.08
"""bulk buy sweets""",Phrase match,AU_Generic_P-V_Food,Sweets_Bulk_Phrase,247,32,135.76,1,4.24,135.76,12.96,3.13
"""wholesale toilet paper""",Phrase match,AU_Generic_P-V_Janitorial,Paper_Wholesale_Phrase,182,19,135.71,1,7.14,135.71,10.44,5.26
"""commercial smart tv""",Phrase match,AU_Generic_P-V_Electronics,Televisions_Phrase,425,19,132.16,0,6.96,,4.47,0.0
"""hats bulk""",Phrase match,AU_Generic_P-V_Apparel,Outerwear_Bulk_Phrase,278,25,132.04,0,5.28,,8.99,0.0
"""bulk laundry supplies""",Phrase match,AU_Generic_P-V_Janitorial,Industrial-Chemicals_Bulk_Phrase,323,21,129.66,1,6.17,129.66,6.5,4.76
"""bulk fruit""",Phrase match,AU_Generic_P-V_Food,Food_Bulk_Phrase,210,21,128.67,1,6.13,128.67,10.0,4.76
"""bulk shampoo""",Phrase match,AU_Generic_P-V_Beauty,Hair-Styling_Bulk_Phrase,248,31,127.07,0,4.1,,12.5,0.0
[business prime],Exact match,AU_Brand_Exact,Prime_Exact,93,21,126.51,2,6.02,63.26,22.58,9.52
"""wholesale foodstuffs""",Phrase match,AU_Generic_P-V_Food,Wholesales_Food_Phrase,345,22,126.31,0,5.74,,6.38,0.0
[buy bulk],Exact match,AU_Generic,Bulk_Buy_Exact,126,17,121.87,0,7.17,,13.49,0.0
"""bulk canned food""",Phrase match,AU_Generic_P-V_Food,Food_Bulk_Phrase,228,21,121.45,0,5.78,,9.21,0.0
[business amazon],Exact match,AU_Brand_Exact,Pure_Exact,124,38,119.55,1,3.15,119.55,30.65,2.63
"""computers distributor""",Phrase match,AU_Generic_P-V_Electronics,Computers_Distributor_Phrase,289,19,118.62,3,6.24,39.54,6.57,15.79
"""jars wholesale""",Phrase match,AU_Generic_P-V_Food,Plates_Wholesale_Phrase,182,28,118.27,0,4.22,,15.38,0.0
"""bulk herbs""",Phrase match,AU_Generic_P-V_Food,Food_Bulk_Phrase,229,27,117.96,0,4.37,,11.79,0.0
"""wholesale cooking ingredients""",Phrase match,AU_Generic_P-V_Food,Food_Wholesale_Phrase,250,30,116.11,2,3.87,58.06,12.0,6.67
[amazon business information],Exact match,AU_Brand_Exact,Navigation_Exact,76,14,116.09,0,8.29,,18.42,0.0
"""wholesale soft drinks""",Phrase match,AU_Generic_P-V_Food,Drinks_Wholesale_Phrase,199,20,115.32,1,5.77,115.32,10.05,5.0
"""wholesale accessories""",Phrase match,AU_Generic_P-V_Shops,Accessories_Wholesale_Phrase,192,20,113.79,1,5.69,113.79,10.42,5.0
"""seller stationery""",Phrase match,AU_Generic_P-V_Office,Sellers_Phrase,164,11,110.37,0,10.03,,6.71,0.0
"""amazon business cost""",Phrase match,AU_Brand_Phrase,Pure_ Phrase,33,9,109.28,0,12.14,,27.27,0.0
"""wholesale fabrics""",Phrase match,AU_Generic_P-V_Materials,Wholesales_Textiles_Phrase,257,20,108.63,1,5.43,108.63,7.78,5.0
"""bulk for shop""",Phrase match,AU_Generic_P-V_Shops,Bulk_Phrase,211,19,108.45,1,5.71,108.45,9.0,5.26
"""professional work gloves""",Phrase match,AU_Generic_P-V_Safety,Equipment-Gear_Phrase,287,27,107.92,0,4.0,,9.41,0.0
[amazon business au],Exact match,AU_Brand_Exact,Pure_Exact,75,14,107.87,0,7.71,,18.67,0.0
"""socks distributors""",Phrase match,AU_Generic_P-V_Apparel,Hosiery & Socks_Distributors_Phrase,152,23,106.54,0,4.63,,15.13,0.0
"""order stationery""",Phrase match,AU_Generic_P-V_Office,Stationery_Phrase,560,28,105.84,0,3.78,,5.0,0.0
[cleaning products],Exact match,AU_Generic_P-V_Janitorial,Products_Exact,326,21,105.82,1,5.04,105.82,6.44,4.76
[bulk suppliers],Exact match,AU_Generic,Bulk_Suppliers_Exact,172,14,105.23,0,7.52,,8.14,0.0
"""b2b wholesale""",Phrase match,AU_Generic,B2B_Wholesales_Phrase,118,17,105.0,0,6.18,,14.41,0.0
"""bulk toilet paper""",Phrase match,AU_Generic_P-V_Janitorial,Paper_Bulk,242,24,103.7,0,4.32,,9.92,0.0
"""bags suppliers""",Phrase match,AU_Generic_P-V_Apparel,Accessories_Suppliers_Phrase,134,22,103.67,0,4.71,,16.42,0.0
"""distributors toy""",Phrase match,AU_Generic_P-V_Shops,Toys Shop_Distributors_Phrase,140,25,102.35,0,4.09,,17.86,0.0
"""equipment hospitality""",Phrase match,AU_Generic_P-V_Hospitality,Hospitality_Phrase,238,25,99.28,0,3.97,,10.5,0.0
"""laptops for business""",Phrase match,AU_Generic_P-V_Electronics,Computers_Phrase,636,22,98.18,0,4.46,,3.46,0.0
"""bulk drinks""",Phrase match,AU_Generic_P-V_Food,Food_Bulk_Phrase,262,43,97.98,0,2.28,,16.41,0.0
"""bulk accessories""",Phrase match,AU_Generic_P-V_Shops,Accessories_Bulk_Phrase,199,17,97.42,0,5.73,,8.54,0.0
"""suppliers companies""",Phrase match,AU_Generic,Suppliers_Enterprises_Phrase,68,11,97.2,0,8.84,,16.18,0.0
[amazon business benefits],Exact match,AU_Brand_Exact,Account_Exact,52,10,97.09,1,9.71,97.09,19.23,10.0
[setup amazon business account],Exact match,AU_Brand_Exact,Account_Exact,25,8,96.46,2,12.06,48.23,32.0,25.0
"""apparel suppliers""",Phrase match,AU_Generic_P-V_Shops,Suppliers_Clothing_Phrase,206,17,95.68,1,5.63,95.68,8.25,5.88
"""hair wholesale""",Phrase match,AU_Generic_P-V_Beauty,Hair-Appliances_Wholesale_Phrase,231,22,95.27,1,4.33,95.27,9.52,4.55
"""home office products""",Phrase match,AU_Generic_P-V_Office,Home-Office_Phrase,388,23,94.82,0,4.12,,5.93,0.0
"""drinks wholesaler""",Phrase match,AU_Generic_P-V_Food,Wholesalers_Food_Phrase,183,21,93.06,0,4.43,,11.48,0.0
"""hotel supplies online""",Phrase match,AU_Generic_P-V_Hospitality,Products_Phrase,207,17,92.33,1,5.43,92.33,8.21,5.88
[bulk toilet paper],Exact match,AU_Generic_P-V_Janitorial,Paper_Bulk_Exact,183,18,92.16,3,5.12,30.72,9.84,16.67
"""bulk for store""",Phrase match,AU_Generic_P-V_Shops,Generic_Bulk_Phrase,267,17,90.12,0,5.3,,6.37,0.0
"""gift wholesaler""",Phrase match,AU_Generic_P-V_Shops,Wholesalers_Gifts_Phrase,117,17,88.84,2,5.23,44.42,14.53,11.76
"""bulk nail polish""",Phrase match,AU_Generic_P-V_Beauty,Nail-Care_Bulk_Phrase,82,13,88.61,1,6.82,88.61,15.85,7.69
"""hotel accessories""",Phrase match,AU_Generic_P-V_Hospitality,Products_Phrase,265,16,88.13,0,5.51,,6.04,0.0
[how to get amazon business account],Exact match,AU_Brand_Exact,Navigation_Exact,61,11,87.12,2,7.92,43.56,18.03,18.18
"""electronics bulk""",Phrase match,AU_Generic_P-V_Shops,Electronics_Bulk_Phrase,174,16,86.87,0,5.43,,9.2,0.0
"""t-shirts distributors""",Phrase match,AU_Generic_P-V_Apparel,Tops_Distributors_Phrase,169,17,86.55,0,5.09,,10.06,0.0
"""beautician wholesaler""",Phrase match,AU_Generic_P-V_Beauty,Wholesalers_Cosmetics_Phrase,155,19,86.02,0,4.53,,12.26,0.0
"""accessories for companies""",Phrase match,AU_Generic,Enterprises_Phrase,168,17,84.39,2,4.96,42.2,10.12,11.76
"""umbrellas distributors""",Phrase match,AU_Generic_P-V_Apparel,Accessories_Distributors_Phrase,80,19,83.37,0,4.39,,23.75,0.0
"""bulk foods""",Phrase match,AU_Generic_P-V_Food,Food_Bulk_Phrase,297,34,82.2,0,2.42,,11.45,0.0
"""wholesale chocolate""",Phrase match,AU_Generic_P-V_Food,Food_Wholesale_Phrase,71,11,81.72,0,7.43,,15.49,0.0
[bulk paper towels],Exact match,AU_Generic_P-V_Janitorial,Paper_Bulk_Exact,120,11,81.2,1,7.38,81.2,9.17,9.09
"""hotel equipment""",Phrase match,AU_Generic_P-V_Hospitality,Products_Phrase,158,13,80.57,0,6.2,,8.23,0.0
"""shoes distributors""",Phrase match,AU_Generic_P-V_Apparel,Shoes_Distributors_Phrase,152,15,80.55,0,5.37,,9.87,0.0
"""suppliers toys""",Phrase match,AU_Generic_P-V_Shops,Toys Shop_Suppliers_Phrase,45,7,80.54,0,11.51,,15.56,0.0
"""headwear distributors""",Phrase match,AU_Generic_P-V_Apparel,Accessories_Distributors_Phrase,157,17,79.86,0,4.7,,10.83,0.0
[cleaning buy],Exact match,AU_Generic_P-V_Janitorial,Purchasing_Exact,139,14,79.23,1,5.66,79.23,10.07,7.14
"""b2b products""",Phrase match,AU_Generic,B2B_Products_Phrase,116,8,79.04,0,9.88,,6.9,0.0
"""bulk party""",Phrase match,AU_Generic_P-V_Celebrations,Party_Bulk_Phrase,141,14,78.63,1,5.62,78.63,9.93,7.14
"""bulk nail accessories""",Phrase match,AU_Generic_P-V_Beauty,Nail-Care_Bulk_Phrase,165,19,78.57,0,4.14,,11.52,0.0
[amazon business account cost],Exact match,AU_Brand_Exact,Account_Exact,25,8,78.19,0,9.77,,32.0,0.0
"""bulk wipes""",Phrase match,AU_Generic_P-V_Janitorial,Tools_Bulk_Phrase,232,13,77.53,0,5.96,,5.6,0.0
"""headwear suppliers""",Phrase match,AU_Generic_P-V_Apparel,Accessories_Suppliers_Phrase,72,13,77.33,0,5.95,,18.06,0.0
"""bulk detergent""",Phrase match,AU_Generic_P-V_Janitorial,Detergent_Bulk_Phrase,225,17,75.69,1,4.45,75.69,7.56,5.88
"""storage wholesale""",Phrase match,AU_Generic_P-V_Crafts,Professional-Tools_Wholesale_Phrase,83,14,74.61,0,5.33,,16.87,0.0
[business prime account cost],Exact match,AU_Brand_Exact,Prime_Exact,27,7,74.51,1,10.64,74.51,25.93,14.29
[laptops for business],Exact match,AU_Generic_P-V_Electronics,Computers_Exact,265,15,74.34,0,4.96,,5.66,0.0
"""home office essentials""",Phrase match,AU_Generic_P-V_Office,Home-Office_Phrase,207,15,73.79,0,4.92,,7.25,0.0
"""bulk plates""",Phrase match,AU_Generic_P-V_Food,Plates_Bulk_Phrase,135,19,73.62,0,3.87,,14.07,0.0
"""tumblers wholesalers""",Phrase match,AU_Generic_P-V_Food,Glassware_Wholesalers_Phrase,26,6,72.18,1,12.03,72.18,23.08,16.67
"""oils suppliers""",Phrase match,AU_Generic_P-V_Food,Condiments_Suppliers_Phrase,119,17,71.99,0,4.23,,14.29,0.0
[wholesale foodstuffs],Exact match,AU_Generic_P-V_Food,Wholesales_Food_Exact,122,16,71.3,0,4.46,,13.11,0.0
"""wholesale baby accessories""",Phrase match,AU_Generic_P-V_Apparel,Swimwear_Wholesales_Phrase_Phrase_Phrase,52,11,70.87,0,6.44,,21.15,0.0
"""bulk dried fruit""",Phrase match,AU_Generic_P-V_Food,Food_Bulk_Phrase,84,7,70.82,0,10.12,,8.33,0.0
"""bulk baby accessories""",Phrase match,AU_Generic_P-V_Apparel,Accessories Baby_Bulk_Phrase,109,20,70.59,0,3.53,,18.35,0.0
"""commercial trays""",Phrase match,AU_Generic_P-V_Food,Plates_Phrase,238,16,69.92,0,4.37,,6.72,0.0
"""fabric wholesale""",Phrase match,AU_Generic_P-V_Materials,Wholesales_Textiles_Phrase,118,13,69.82,0,5.37,,11.02,0.0
[bulk drinks],Exact match,AU_Generic_P-V_Food,Food_Bulk_Exact,35,8,69.63,1,8.7,69.63,22.86,12.5
"""wholesale sportswear""",Phrase match,AU_Generic_P-V_Apparel,Sportware_Wholesales_Phrase,150,12,69.61,0,5.8,,8.0,0.0
"""items companies""",Phrase match,AU_Generic,Enterprises_Products_Phrase,95,8,68.09,0,8.51,,8.42,0.0
"""wholesale event supplies""",Phrase match,AU_Generic_P-V_Celebrations,Wholesale_Phrase,110,12,67.85,1,5.65,67.85,10.91,8.33
"""amazon business registration""",Phrase match,AU_Brand_Phrase,Account_ Phrase,56,7,67.64,0,9.66,,12.5,0.0
"""purchasing for companies""",Phrase match,AU_Generic,Purchasing_Enterprises_Phrase,91,8,66.92,1,8.37,66.92,8.79,12.5
[amazon business cost],Exact match,AU_Brand_Exact,Pure_Exact,26,6,66.87,1,11.15,66.87,23.08,16.67
"""equipment for businesses""",Phrase match,AU_Generic,Enterprises_Products_Phrase,155,14,66.86,0,4.78,,9.03,0.0
"""wholesaler""",Phrase match,AU_Generic,Wholesalers_Phrase,143,14,66.33,0,4.74,,9.79,0.0
"""wholesale gloves""",Phrase match,AU_Generic_P-V_Apparel,Accessories_Wholesales_Phrase,93,9,66.27,0,7.36,,9.68,0.0
"""amazon business delivery""",Phrase match,AU_Brand_Phrase,Navigation_Phrase,124,10,64.82,2,6.48,32.41,8.06,20.0
"""tote bags distributors""",Phrase match,AU_Generic_P-V_Apparel,Accessories_Distributors_Phrase,140,14,64.48,0,4.61,,10.0,0.0
"""paper wholesale""",Phrase match,AU_Generic_P-V_Office,Paper_Wholesale_Phrase,74,9,63.36,1,7.04,63.36,12.16,11.11
[bulk canned food],Exact match,AU_Generic_P-V_Food,Food_Bulk_Exact,47,9,63.31,0,7.03,,19.15,0.0
"""bulk baking supplies""",Phrase match,AU_Generic_P-V_Food,Food_Bulk_Phrase,201,17,63.26,0,3.72,,8.46,0.0
"""bulk easter sweets""",Phrase match,AU_Generic_P-V_Food,Sweets_Bulk_Phrase,111,15,63.06,0,4.2,,13.51,0.0
"""commercial take out containers""",Phrase match,AU_Generic_P-V_Food,Kitchen Tools_Phrase,327,26,62.65,2,2.41,31.33,7.95,7.69
"""bulk trays""",Phrase match,AU_Generic_P-V_Food,Plates_Bulk_Phrase,126,9,62.26,0,6.92,,7.14,0.0
"""bulk spray bottles""",Phrase match,AU_Generic_P-V_Janitorial,Tools_Bulk_Phrase,135,12,62.2,1,5.18,62.2,8.89,8.33
"""bulk oils""",Phrase match,AU_Generic_P-V_Food,Condiments_Bulk_Phrase,128,18,61.8,0,3.43,,14.06,0.0
"""purchasing in bulk""",Phrase match,AU_Generic,Bulk_Buy_Phrase,205,22,61.47,0,2.79,,10.73,0.0
"""electronic wholesale""",Phrase match,AU_Generic_P-V_Shops,Electronics_Wholesale_Phrase,104,9,61.23,0,6.8,,8.65,0.0
"""wholesalers toys""",Phrase match,AU_Generic_P-V_Shops,Toys Shop_Wholesale_Phrase,171,11,60.57,1,5.51,60.57,6.43,9.09
"""gift suppliers""",Phrase match,AU_Generic_P-V_Shops,Suppliers_Gifts_Phrase,82,11,59.78,0,5.43,,13.41,0.0
"""distributor companies""",Phrase match,AU_Generic,Distributors_Enterprises_Phrase,150,11,59.46,0,5.41,,7.33,0.0
"""bulk soap""",Phrase match,AU_Generic_P-V_Janitorial,Soap_Bulk_Phrase,231,13,57.87,0,4.45,,5.63,0.0
"""product supply""",Phrase match,AU_Generic,Procurement_Products_Phrase,102,11,57.84,0,5.26,,10.78,0.0
[create amazon business account],Exact match,AU_Brand_Exact,Account_Exact,28,11,57.48,2,5.23,28.74,39.29,18.18
"""buy commercial equipment""",Phrase match,AU_Generic,Commercial Customers_Products_Phrase,180,15,57.06,0,3.8,,8.33,0.0
[business prime duo],Exact match,AU_Brand_Exact,Prime_Exact,60,7,56.84,0,8.12,,11.67,0.0
"""bulk disposable tableware""",Phrase match,AU_Generic_P-V_Food,Cultlery_Bulk_Phrase,159,23,56.6,0,2.46,,14.47,0.0
"""industrial laundry supplies""",Phrase match,AU_Generic_P-V_Janitorial,Industrial-Chemicals_Phrase,207,13,56.22,0,4.32,,6.28,0.0
"""laundry supplies""",Phrase match,AU_Generic_P-V_Janitorial,Industrial-Chemicals_Phrase,140,13,56.15,0,4.32,,9.29,0.0
"""soap supplier""",Phrase match,AU_Generic_P-V_Janitorial,Soap_Supplier_Phrase,55,12,55.76,0,4.65,,21.82,0.0
"""false eyelashes suppliers""",Phrase match,AU_Generic_P-V_Beauty,Makeup_Supplier_Phrase,87,14,54.13,1,3.87,54.13,16.09,7.14
[amazon business account sign in],Exact match,AU_Brand_Exact,Navigation_Exact,47,9,53.56,1,5.95,53.56,19.15,11.11
"""sportswear suppliers""",Phrase match,AU_Generic_P-V_Apparel,Sportware_Suppliers_Phrase,63,11,53.41,0,4.86,,17.46,0.0
"""coffee wholesalers""",Phrase match,AU_Generic_P-V_Food,Food_Wholesalers_Phrase,151,12,53.24,0,4.44,,7.95,0.0
[office accessories],Exact match,AU_Generic_P-V_Office,Office_Exact,142,12,53.1,0,4.43,,8.45,0.0
"""party accessories suppliers""",Phrase match,AU_Generic_P-V_Celebrations,Party_Suppliers_Phrase,82,5,53.0,0,10.6,,6.1,0.0
"""beauty parlour wholesaler""",Phrase match,AU_Generic_P-V_Beauty,Wholesalers_Cosmetics_Phrase,161,7,52.62,2,7.52,26.31,4.35,28.57
[janitorial products],Exact match,AU_Generic_P-V_Janitorial,Products_Exact,99,11,51.8,1,4.71,51.8,11.11,9.09
"""cooking suppliers""",Phrase match,AU_Generic_P-V_Food,Food_Suppliers_Phrase,164,12,50.04,1,4.17,50.04,7.32,8.33
"""home office supplies""",Phrase match,AU_Generic_P-V_Office,Home-Office_Phrase,243,14,49.95,0,3.57,,5.76,0.0
"""bulk pyjamas""",Phrase match,AU_Generic_P-V_Apparel,Sleepwear_Bulk_Phrase,18,5,49.93,0,9.99,,27.78,0.0
"""furniture for shops""",Phrase match,AU_Generic_P-V_Shops,Furniture_Phrase,126,13,49.57,0,3.81,,10.32,0.0
[amazon business open account],Exact match,AU_Brand_Exact,Account_Exact,12,6,49.42,2,8.24,24.71,50.0,33.33
[amazon business account vs personal],Exact match,AU_Brand_Exact,Account_Exact,50,4,49.12,1,12.28,49.12,8.0,25.0
"""hair accessories bulk""",Phrase match,AU_Generic_P-V_Shops,Accessories_Bulk_Phrase,99,8,48.99,1,6.12,48.99,8.08,12.5
[business cards vendor],Exact match,AU_Generic_P-V_Office,Office-Supplies_Exact,74,7,48.59,0,6.94,,9.46,0.0
"""bulk canned goods""",Phrase match,AU_Generic_P-V_Food,Food_Bulk_Phrase,56,11,48.47,0,4.41,,19.64,0.0
[amazon au business prime],Exact match,AU_Brand_Exact,Prime_Exact,16,6,48.22,3,8.04,16.07,37.5,50.0
"""bulk flours""",Phrase match,AU_Generic_P-V_Food,Food_Bulk_Phrase,185,11,47.9,0,4.35,,5.95,0.0
"""baby clothing sets suppliers""",Phrase match,AU_Generic_P-V_Apparel,Accessories Baby_Suppliers_Phrase,79,13,47.86,0,3.68,,16.46,0.0
"""bulk paper towels""",Phrase match,AU_Generic_P-V_Janitorial,Paper_Bulk,98,7,47.82,0,6.83,,7.14,0.0
[amazon business account australia],Exact match,AU_Brand_Exact,Account_Exact,87,29,47.55,6,1.64,7.93,33.33,20.69
"""hotel bathroom supplies""",Phrase match,AU_Generic_P-V_Hospitality,Products_Phrase,63,8,46.79,0,5.85,,12.7,0.0
[company items],Exact match,AU_Generic,Enterprises_Products_Exact,57,7,46.19,0,6.6,,12.28,0.0
[commercial cake boxes],Exact match,AU_Generic_P-V_Food,Kitchen Tools_Exact,92,13,46.16,1,3.55,46.16,14.13,7.69
[water bottles wholesale],Exact match,AU_Generic_P-V_Food,Drinks_Bulk_Exact,62,8,45.8,0,5.73,,12.9,0.0
[amazon business account benefits],Exact match,AU_Brand_Exact,Account_Exact,33,4,45.75,0,11.44,,12.12,0.0
"""bulk waxing""",Phrase match,AU_Generic_P-V_Beauty,Hair-Removal_Bulk_Phrase,59,9,45.55,0,5.06,,15.25,0.0
"""bulk moisturizer""",Phrase match,AU_Generic_P-V_Beauty,Skin-Care_Bulk_Phrase,42,6,44.79,0,7.47,,14.29,0.0
[sweet shop bulk],Exact match,AU_Generic_P-V_Food,Sweets_Bulk_Exact,55,7,43.51,0,6.22,,12.73,0.0
[amazon business login],Exact match,AU_Brand_Exact,Navigation_Exact,233,79,43.32,4,0.55,10.83,33.91,5.06
"""tv for conference room""",Phrase match,AU_Generic_P-V_Electronics,Televisions_Phrase,87,7,43.25,0,6.18,,8.05,0.0
[commercial take out containers],Exact match,AU_Generic_P-V_Food,Kitchen Tools_Exact,170,15,42.74,0,2.85,,8.82,0.0
"""wholesale cooking""",Phrase match,AU_Generic_P-V_Food,Food_Wholesale_Phrase,105,9,42.73,0,4.75,,8.57,0.0
"""party decorations suppliers""",Phrase match,AU_Generic_P-V_Celebrations,Party_Suppliers_Phrase,52,5,42.67,1,8.53,42.67,9.62,20.0
[bulk cleaning],Exact match,AU_Generic_P-V_Janitorial,Products_Bulk_Exact,87,7,42.66,1,6.09,42.66,8.05,14.29
"""skin care products suppliers""",Phrase match,AU_Generic_P-V_Beauty,Skin-Care_Supplier_Phrase,52,7,42.02,1,6.0,42.02,13.46,14.29
"""bulk fruit juice""",Phrase match,AU_Generic_P-V_Food,Drinks_Bulk_Phrase,82,8,41.5,0,5.19,,9.76,0.0
[wholesale meals],Exact match,AU_Generic_P-V_Food,Food_Wholesale_Exact,41,5,41.46,0,8.29,,12.2,0.0
"""nail care products distributors""",Phrase match,AU_Generic_P-V_Beauty,Nail-Care_Distributors_Phrase,127,9,41.41,0,4.6,,7.09,0.0
"""skin care products distributors""",Phrase match,AU_Generic_P-V_Beauty,Skin-Care_Distributors_Phrase,109,8,41.27,0,5.16,,7.34,0.0
"""wholesale socks""",Phrase match,AU_Generic_P-V_Apparel,Hosiery & Socks_Wholesales_Phrase,36,4,41.24,0,10.31,,11.11,0.0
"""vending machine distributor""",Phrase match,AU_Generic_P-V_Food,Vending_Distributor_Phrase,125,18,41.17,0,2.29,,14.4,0.0
"""electrical suppliers""",Phrase match,AU_Generic_P-V_Crafts,Professional-Tools_Suppliers_Phrase,102,7,40.92,0,5.85,,6.86,0.0
"""sugar sellers""",Phrase match,AU_Generic_P-V_Food,Food_Sellers_Phrase,144,9,40.44,0,4.49,,6.25,0.0
"""wholesale lamps""",Phrase match,AU_Generic_P-V_Beauty,Hair-Appliances_Wholesale_Phrase,30,7,40.25,0,5.75,,23.33,0.0
"""electrical testing products""",Phrase match,AU_Generic_P-V_Industrial,Measurement_Phrase,115,7,39.64,0,5.66,,6.09,0.0
[amazon business account fees],Exact match,AU_Brand_Exact,Account_Exact,31,4,39.6,0,9.9,,12.9,0.0
"""industrial bolts""",Phrase match,AU_Generic_P-V_Industrial,Tools_Phrase,94,9,39.34,0,4.37,,9.57,0.0
"""bulk shorts""",Phrase match,AU_Generic_P-V_Apparel,Bottoms_Bulk_Phrase,44,5,39.26,0,7.85,,11.36,0.0
"""bulk biscuits""",Phrase match,AU_Generic_P-V_Food,Food_Bulk_Phrase,133,8,38.79,0,4.85,,6.02,0.0
"""bulk commercial toilet paper""",Phrase match,AU_Generic_P-V_Janitorial,Paper_Bulk_Phrase,60,6,38.77,0,6.46,,10.0,0.0
"""equipment for companies""",Phrase match,AU_Generic,Enterprises_Products_Phrase,109,5,38.29,0,7.66,,4.59,0.0
"""professional workbenches""",Phrase match,AU_Generic_P-V_Crafts,Professional-Tools_Phrase,61,10,38.21,0,3.82,,16.39,0.0
"""bulk coasters""",Phrase match,AU_Generic_P-V_Food,Barware_Bulk_Phrase,21,4,38.17,0,9.54,,19.05,0.0
"""books wholesalers""",Phrase match,AU_Generic_P-V_Shops,Wholesalers_Books Shop_Phrase,46,6,37.87,0,6.31,,13.04,0.0
[professional vacuums],Exact match,AU_Generic_P-V_Janitorial,Floor-Care_Exact,122,6,37.69,1,6.28,37.69,4.92,16.67
"""home office paper""",Phrase match,AU_Generic_P-V_Office,Home-Office_Phrase,75,5,37.19,0,7.44,,6.67,0.0
[bulk socks],Exact match,AU_Generic_P-V_Apparel,Hosiery & Socks_Bulk_Exact,20,3,36.68,0,12.23,,15.0,0.0
"""sunglasses distributors""",Phrase match,AU_Generic_P-V_Apparel,Eyewear_Distributors_Phrase,73,6,36.43,0,6.07,,8.22,0.0
[bulk detergent],Exact match,AU_Generic_P-V_Janitorial,Detergent_Bulk_Exact,41,6,35.57,1,5.93,35.57,14.63,16.67
[wholesale fragrance],Exact match,AU_Generic_P-V_Beauty,Fragrance_Wholesale_Exact,32,8,35.25,1,4.41,35.25,25.0,12.5
"""wholesale office""",Phrase match,AU_Generic_P-V_Office,Wholesale_Phrase,37,5,35.0,1,7.0,35.0,13.51,20.0
"""wholesale cups""",Phrase match,AU_Generic_P-V_Food,Kitchen Tools_Wholesale_Phrase,83,9,34.72,0,3.86,,10.84,0.0
"""human hair suppliers""",Phrase match,AU_Generic_P-V_Beauty,Hair-Appliances_Supplier_Phrase,24,5,34.15,0,6.83,,20.83,0.0
"""professional mops""",Phrase match,AU_Generic_P-V_Janitorial,Floor-Care_Phrase,157,10,34.06,0,3.41,,6.37,0.0
"""bulk disposable gloves""",Phrase match,AU_Generic_P-V_Janitorial,Gloves_Bulk_Phrase,104,6,33.93,1,5.66,33.93,5.77,16.67
"""wholesale gift distributors""",Phrase match,AU_Generic_P-V_Shops,Distributors_Gifts_Phrase,38,4,33.73,0,8.43,,10.53,0.0
"""office accessories""",Phrase match,AU_Generic_P-V_Office,Office_Phrase,181,13,33.52,0,2.58,,7.18,0.0
"""b2b shop""",Phrase match,AU_Generic,B2B_Marketplace_Phrase,42,5,32.88,0,6.58,,11.9,0.0
"""wholesale bags""",Phrase match,AU_Generic_P-V_Apparel,Accessories_Wholesales_Phrase,41,11,32.39,0,2.94,,26.83,0.0
"""tissues supplier""",Phrase match,AU_Generic_P-V_Janitorial,Paper_Supplier_Phrase,39,6,32.35,0,5.39,,15.38,0.0
"""corporate equipment""",Phrase match,AU_Generic,Enterprises_Products_Phrase,21,5,31.81,0,6.36,,23.81,0.0
[wholesaler],Exact match,AU_Generic,Wholesalers_Exact,39,4,31.58,0,7.9,,10.26,0.0
[how to create a business amazon account],Exact match,AU_Brand_Exact,Account_Exact,20,2,31.37,1,15.69,31.37,10.0,50.0
"""gloves distributors""",Phrase match,AU_Generic_P-V_Apparel,Accessories_Distributors_Phrase,72,5,31.36,0,6.27,,6.94,0.0
"""cell phone for business""",Phrase match,AU_Generic_P-V_Electronics,Cell-Phones_Phrase,105,6,30.82,0,5.14,,5.71,0.0
"""other distributors""",Phrase match,AU_Generic_P-V_Apparel,Hosiery & Socks_Distributors_Phrase,53,6,30.76,0,5.13,,11.32,0.0
"""company purchasing""",Phrase match,AU_Generic,Purchasing_Enterprises_Phrase,86,5,30.71,0,6.14,,5.81,0.0
[bulk chocolate],Exact match,AU_Generic_P-V_Food,Food_Bulk_Exact,61,8,30.66,0,3.83,,13.11,0.0
[amazon business prime au],Exact match,AU_Brand_Exact,Prime_Exact,13,5,30.3,0,6.06,,38.46,0.0
"""disposable tableware suppliers""",Phrase match,AU_Generic_P-V_Food,Cultlery_Suppliers_Phrase,58,8,30.21,0,3.78,,13.79,0.0
"""bulk seeds""",Phrase match,AU_Generic_P-V_Food,Food_Bulk_Phrase,77,5,29.77,0,5.95,,6.49,0.0
[amazon business prime cost],Exact match,AU_Brand_Exact,Prime_Exact,36,4,29.36,0,7.34,,11.11,0.0
"""ingredients wholesale""",Phrase match,AU_Generic_P-V_Food,Wholesales_Food_Phrase,189,9,29.27,0,3.25,,4.76,0.0
[amazon business account login],Exact match,AU_Brand_Exact,Navigation_Exact,26,7,29.14,0,4.16,,26.92,0.0
"""bulk party bags""",Phrase match,AU_Generic_P-V_Celebrations,Party_Bulk_Phrase,66,6,29.09,0,4.85,,9.09,0.0
[bulk for shop],Exact match,AU_Generic_P-V_Shops,Bulk_Exact,102,9,29.03,0,3.23,,8.82,0.0
"""store furniture""",Phrase match,AU_Generic_P-V_Shops,Furniture_Phrase,49,9,28.98,0,3.22,,18.37,0.0
"""wholesale canned goods""",Phrase match,AU_Generic_P-V_Food,Food_Wholesale_Phrase,34,6,28.96,1,4.83,28.96,17.65,16.67
"""wholesale mobile phone""",Phrase match,AU_Generic_P-V_Electronics,Cell-Phones_Wholesale_Phrase,33,4,28.82,0,7.21,,12.12,0.0
"""office equipment""",Phrase match,AU_Generic_P-V_Office,Office_Phrase,223,14,28.67,0,2.05,,6.28,0.0
[chocolate wholesalers],Exact match,AU_Generic_P-V_Food,Food_Wholesalers_Exact,50,8,28.56,0,3.57,,16.0,0.0
"""buy hotel furniture""",Phrase match,AU_Generic_P-V_Hospitality,Furniture_Phrase,41,3,28.53,0,9.51,,7.32,0.0
"""bulk boxed chocolate""",Phrase match,AU_Generic_P-V_Food,Food_Bulk_Phrase,48,8,28.51,0,3.56,,16.67,0.0
"""book distributors""",Phrase match,AU_Generic_P-V_Shops,Book Shop_Distributors_Phrase,43,8,28.26,0,3.53,,18.6,0.0
[wholesale canned food],Exact match,AU_Generic_P-V_Food,Food_Wholesale_Exact,24,3,28.25,0,9.42,,12.5,0.0
[industrial cleaning products],Exact match,AU_Generic_P-V_Janitorial,Industrial-Chemicals_Exact,40,4,28.19,0,7.05,,10.0,0.0
"""bulk hand soaps""",Phrase match,AU_Generic_P-V_Janitorial,Soap_Bulk_Phrase,61,4,27.94,1,6.99,27.94,6.56,25.0
"""shirts suppliers""",Phrase match,AU_Generic_P-V_Apparel,Tops_Suppliers_Phrase,79,7,27.73,0,3.96,,8.86,0.0
[wholesale sportswear],Exact match,AU_Generic_P-V_Apparel,Sportware_Wholesales_Exact,25,4,27.65,0,6.91,,16.0,0.0
"""b2b distribution""",Phrase match,AU_Generic,B2B_Enterprise_Phrase,16,3,27.54,0,9.18,,18.75,0.0
[amazon business prime account],Exact match,AU_Brand_Exact,Prime_Exact,47,7,27.31,0,3.9,,14.89,0.0
"""wholesale boxed chocolate""",Phrase match,AU_Generic_P-V_Food,Food_Wholesale_Phrase,18,2,27.29,0,13.65,,11.11,0.0
[bulk laptops],Exact match,AU_Generic_P-V_Electronics,Computers_Bulk_Exact,24,4,27.09,0,6.77,,16.67,0.0
"""hoodies distributors""",Phrase match,AU_Generic_P-V_Apparel,Tops_Distributors_Phrase,55,6,26.99,0,4.5,,10.91,0.0
"""bulk strings""",Phrase match,AU_Generic_P-V_Apparel,Underwear_Bulk_Phrase,14,2,26.98,0,13.49,,14.29,0.0
"""hvac equipment""",Phrase match,AU_Generic_P-V_Industrial,HVAC_Phrase,45,4,26.92,0,6.73,,8.89,0.0
"""detergent distributor""",Phrase match,AU_Generic_P-V_Janitorial,Detergent_Distributor_Phrase,111,8,26.73,0,3.34,,7.21,0.0
"""wipes supplier""",Phrase match,AU_Generic_P-V_Janitorial,Tools_Supplier_Phrase,24,3,26.7,1,8.9,26.7,12.5,33.33
[bulk janitorial],Exact match,AU_Generic_P-V_Janitorial,Products_Bulk_Exact,46,4,26.59,0,6.65,,8.7,0.0
[clothing bulk],Exact match,AU_Generic_P-V_Shops,Clothing_Bulk_Exact,60,5,26.09,0,5.22,,8.33,0.0
"""equipment wholesale""",Phrase match,AU_Generic,Wholesales_Products_Phrase,20,5,25.89,0,5.18,,25.0,0.0
"""products for start-ups""",Phrase match,AU_Generic,Enterprises_Products_Phrase,54,4,25.89,0,6.47,,7.41,0.0
"""wholesale drinks""",Phrase match,AU_Generic_P-V_Food,Food_Wholesale_Phrase,31,5,25.58,0,5.12,,16.13,0.0
"""sweatshirts suppliers""",Phrase match,AU_Generic_P-V_Apparel,Tops_Suppliers_Phrase,61,5,25.26,0,5.05,,8.2,0.0
[amazon business prime login],Exact match,AU_Brand_Exact,Prime_Exact,37,11,25.22,0,2.29,,29.73,0.0
"""bulk cupcake boxes""",Phrase match,AU_Generic_P-V_Food,Kitchen Tools_Bulk_Phrase,24,3,25.13,0,8.38,,12.5,0.0
"""bulk soups""",Phrase match,AU_Generic_P-V_Food,Food_Bulk_Phrase,28,4,24.87,0,6.22,,14.29,0.0
[au amazon business prime],Exact match,AU_Brand_Exact,Prime_Exact,12,5,24.72,1,4.94,24.72,41.67,20.0
"""earphones distributor""",Phrase match,AU_Generic_P-V_Electronics,Headphones_Distributor_Phrase,17,4,24.47,0,6.12,,23.53,0.0
"""cleaning wholesale""",Phrase match,AU_Generic_P-V_Janitorial,Wholesale_Phrase,85,6,24.36,0,4.06,,7.06,0.0
"""wholesale cutting boards""",Phrase match,AU_Generic_P-V_Food,Kitchen Tools_Wholesale_Phrase,26,5,24.3,0,4.86,,19.23,0.0
"""bulk serving dishes""",Phrase match,AU_Generic_P-V_Food,Cultlery_Bulk_Phrase,38,6,24.3,0,4.05,,15.79,0.0
"""sweaters distributors""",Phrase match,AU_Generic_P-V_Apparel,Tops_Distributors_Phrase,38,6,24.27,0,4.05,,15.79,0.0
"""hospitality supplies""",Phrase match,AU_Generic_P-V_Hospitality,Hospitality_Phrase,51,7,24.27,1,3.47,24.27,13.73,14.29
"""bulk buy easter eggs""",Phrase match,AU_Generic_P-V_Food,Sweets_Bulk_Phrase,13,3,24.14,0,8.05,,23.08,0.0
"""hospitality equipment""",Phrase match,AU_Generic_P-V_Hospitality,Hospitality_Phrase,141,11,24.09,0,2.19,,7.8,0.0
"""online platforms b2b""",Phrase match,AU_Generic,B2B_Marketplace_Phrase,112,4,24.0,0,6.0,,3.57,0.0
"""bulk salon products""",Phrase match,AU_Generic_P-V_Beauty,Salon-Spa_Bulk_Phrase,63,7,23.92,1,3.42,23.92,11.11,14.29
"""plastic supplier""",Phrase match,AU_Generic_P-V_Materials,Suppliers_Plastic_Phrase,83,7,23.52,0,3.36,,8.43,0.0
"""bulk coats""",Phrase match,AU_Generic_P-V_Apparel,Outerwear_Bulk_Phrase,61,4,23.39,0,5.85,,6.56,0.0
[dinnerware sets suppliers],Exact match,AU_Generic_P-V_Food,Cultlery_Suppliers_Exact,6,2,23.34,0,11.67,,33.33,0.0
"""bulk t-shirts baby""",Phrase match,AU_Generic_P-V_Apparel,Tops Baby_Bulk_Phrase,14,3,23.26,0,7.75,,21.43,0.0
[party suppliers],Exact match,AU_Generic_P-V_Celebrations,Party_Suppliers_Exact,22,2,23.26,1,11.63,23.26,9.09,50.0
"""industrial fittings""",Phrase match,AU_Generic_P-V_Industrial,Hydraulics_Phrase,38,6,23.22,0,3.87,,15.79,0.0
"""clothing distributors""",Phrase match,AU_Generic_P-V_Shops,Clothing_Distributors_Phrase,70,5,23.21,0,4.64,,7.14,0.0
[amazon business portal],Exact match,AU_Brand_Exact,Navigation_Exact,24,4,23.14,0,5.79,,16.67,0.0
"""professional amplifiers""",Phrase match,AU_Generic_P-V_Electronics,Power_Phrase,125,4,23.08,1,5.77,23.08,3.2,25.0
[cosmetics wholesaler],Exact match,AU_Generic_P-V_Beauty,Wholesalers_Cosmetics_Exact,31,4,23.06,0,5.77,,12.9,0.0
[food wholesale market],Exact match,AU_Generic_P-V_Food,Wholesales_Food_Exact,52,8,23.04,0,2.88,,15.38,0.0
"""wholesale laptops""",Phrase match,AU_Generic_P-V_Electronics,Computers_Wholesale_Phrase,14,3,22.98,0,7.66,,21.43,0.0
[bulk paper towels],Exact match,AU_Generic_P-V_Janitorial,Paper_Bulk,59,4,22.88,1,5.72,22.88,6.78,25.0
[fragrance distributors],Exact match,AU_Generic_P-V_Beauty,Fragrance_Distributors_Exact,33,4,22.87,0,5.72,,12.12,0.0
[wholesale headwear],Exact match,AU_Generic_P-V_Apparel,Accessories_Wholesales_Exact,12,5,22.77,0,4.55,,41.67,0.0
"""apparel bulk""",Phrase match,AU_Generic_P-V_Shops,Clothing_Bulk_Phrase,32,7,22.35,0,3.19,,21.88,0.0
"""coffee machines sellers""",Phrase match,AU_Generic_P-V_Food,Coffee Machines_Sellers_Phrase,78,7,22.32,0,3.19,,8.97,0.0
[bulk toilet tissue],Exact match,AU_Generic_P-V_Janitorial,Paper_Bulk_Exact,24,5,22.23,0,4.45,,20.83,0.0
[wholesale canned goods],Exact match,AU_Generic_P-V_Food,Food_Wholesale_Exact,38,6,22.16,1,3.69,22.16,15.79,16.67
"""computer parts distributor""",Phrase match,AU_Generic_P-V_Electronics,Computers_Distributor_Phrase,16,2,22.09,0,11.05,,12.5,0.0
[t-shirts distributors],Exact match,AU_Generic_P-V_Apparel,Tops_Distributors_Exact,21,4,22.06,0,5.52,,19.05,0.0
"""gloves suppliers""",Phrase match,AU_Generic_P-V_Apparel,Accessories_Suppliers_Phrase,20,4,21.88,0,5.47,,20.0,0.0
"""industrial lighting products""",Phrase match,AU_Generic_P-V_Industrial,Electrical_Phrase,22,4,21.68,0,5.42,,18.18,0.0
"""wholesale sweets""",Phrase match,AU_Generic_P-V_Food,Food_Wholesale_Phrase,46,3,21.66,0,7.22,,6.52,0.0
"""toy suppliers""",Phrase match,AU_Generic_P-V_Shops,Toys Shop_Suppliers_Phrase,24,6,21.56,0,3.59,,25.0,0.0
"""bulk""",Phrase match,AU_Generic,Bulk_Phrase,45,5,21.46,0,4.29,,11.11,0.0
[office furniture],Exact match,AU_Generic_P-V_Office,Furniture_Exact,80,6,21.45,1,3.58,21.45,7.5,16.67
[amazon business account sign up],Exact match,AU_Brand_Exact,Account_Exact,10,2,21.31,0,10.66,,20.0,0.0
"""air fresheners distributor""",Phrase match,AU_Generic_P-V_Janitorial,Odour_Distributor_Phrase,50,6,21.26,1,3.54,21.26,12.0,16.67
[wholesale cereals],Exact match,AU_Generic_P-V_Food,Food_Wholesale_Exact,11,3,21.18,0,7.06,,27.27,0.0
[wholesale chafing dishes],Exact match,AU_Generic_P-V_Food,Plates_Wholesale_Exact,2,2,21.13,0,10.57,,100.0,0.0
"""socks suppliers""",Phrase match,AU_Generic_P-V_Apparel,Hosiery & Socks_Suppliers_Phrase,36,4,21.04,0,5.26,,11.11,0.0
[drinks wholesaler],Exact match,AU_Generic_P-V_Food,Wholesalers_Food_Exact,16,3,21.02,0,7.01,,18.75,0.0
"""beverages wholesale""",Phrase match,AU_Generic_P-V_Food,Wholesales_Food_Phrase,55,7,20.99,0,3.0,,12.73,0.0
[drinks wholesale market],Exact match,AU_Generic_P-V_Food,Wholesales_Food_Exact,27,4,20.9,0,5.23,,14.81,0.0
"""office accessories wholesale""",Phrase match,AU_Generic_P-V_Office,Wholesale_Phrase,47,2,20.6,0,10.3,,4.26,0.0
"""wholesale florist""",Phrase match,AU_Generic_P-V_Shops,Florist_Wholesale_Phrase,64,4,20.59,0,5.15,,6.25,0.0
[amazon business free],Exact match,AU_Brand_Exact,Account_Exact,33,2,20.11,0,10.06,,6.06,0.0
"""eye protection safety""",Phrase match,AU_Generic_P-V_Safety,Equipment-Gear_Phrase,63,5,20.01,0,4.0,,7.94,0.0
[foods wholesalers],Exact match,AU_Generic_P-V_Food,Food_Wholesalers_Exact,34,3,19.86,0,6.62,,8.82,0.0
"""baby accessories distributors""",Phrase match,AU_Generic_P-V_Apparel,Underwear_Bulk_Phrase_Phrase,46,5,19.83,0,3.97,,10.87,0.0
[purchasing bulk],Exact match,AU_Generic,Bulk_Buy_Exact,30,4,19.78,0,4.95,,13.33,0.0
"""distributors industry""",Phrase match,AU_Generic_P-V_Industry,Distributors_Phrase,96,4,19.77,0,4.94,,4.17,0.0
[business prime au],Exact match,AU_Brand_Exact,Prime_Exact,13,4,19.58,0,4.89,,30.77,0.0
"""office filing system""",Phrase match,AU_Generic_P-V_Office,Office_Phrase,53,3,19.53,0,6.51,,5.66,0.0
"""wholesale makeup bags""",Phrase match,AU_Generic_P-V_Beauty,Makeup_Wholesale_Phrase,14,3,19.44,0,6.48,,21.43,0.0
[bulk baking supplies],Exact match,AU_Generic_P-V_Food,Food_Bulk_Exact,18,3,19.33,0,6.44,,16.67,0.0
"""commercial purchasing""",Phrase match,AU_Generic,B2B_Distributors_Phrase,25,2,19.2,0,9.6,,8.0,0.0
"""bulk bins""",Phrase match,AU_Generic_P-V_Janitorial,Waste_Bulk_Phrase,37,4,19.05,0,4.76,,10.81,0.0
[bulk cleaning supplies],Exact match,AU_Generic_P-V_Janitorial,Supply_Bulk_Exact,99,6,19.03,1,3.17,19.03,6.06,16.67
[wholesale disposable cameras],Exact match,AU_Generic_P-V_Electronics,Camera-Accessories_Wholesale_Exact,20,2,19.01,0,9.51,,10.0,0.0
[suppliers office],Exact match,AU_Generic_P-V_Office,Suppliers_Exact,38,2,18.93,0,9.47,,5.26,0.0
"""industrial packaging tape""",Phrase match,AU_Generic_P-V_Industrial,Packaging_Phrase,34,3,18.8,0,6.27,,8.82,0.0
"""canned food wholesale""",Phrase match,AU_Generic_P-V_Food,Wholesales_Food_Phrase,37,4,18.74,0,4.68,,10.81,0.0
"""bulk janitorial supplies""",Phrase match,AU_Generic_P-V_Janitorial,Supply_Bulk_Phrase,27,4,18.7,1,4.68,18.7,14.81,25.0
[amazon prime business],Exact match,AU_Brand_Exact,Prime_Exact,49,15,18.69,0,1.25,,30.61,0.0
"""industrial equipment""",Phrase match,AU_Generic_P-V_Industry,Products_Phrase,79,6,18.54,1,3.09,18.54,7.59,16.67
"""gastronomy tools""",Phrase match,AU_Generic_P-V_Food,Tools_Phrase,69,6,18.41,1,3.07,18.41,8.7,16.67
"""hotel linen""",Phrase match,AU_Generic_P-V_Hospitality,Products_Phrase,68,2,18.4,0,9.2,,2.94,0.0
"""job site lighting""",Phrase match,AU_Generic_P-V_Crafts,Professional-Tools_Phrase,27,4,18.25,0,4.56,,14.81,0.0
"""distributor industry""",Phrase match,AU_Generic,Distributors_Enterprises_Phrase,51,3,18.22,0,6.07,,5.88,0.0
"""commercial serving trays""",Phrase match,AU_Generic_P-V_Food,Kitchen Tools_Phrase,87,6,18.21,0,3.04,,6.9,0.0
"""bulk cake boxes""",Phrase match,AU_Generic_P-V_Food,Kitchen Tools_Bulk_Phrase,20,5,18.2,0,3.64,,25.0,0.0
"""bulk chopsticks""",Phrase match,AU_Generic_P-V_Food,Cultlery_Bulk_Phrase,8,3,17.95,0,5.98,,37.5,0.0
[wholesale products for resale],Exact match,AU_Generic,Wholesales_Products_Exact,3,2,17.95,0,8.98,,66.67,0.0
"""paper towels supplier""",Phrase match,AU_Generic_P-V_Janitorial,Paper_Supplier_Phrase,46,2,17.94,0,8.97,,4.35,0.0
"""bulk florist""",Phrase match,AU_Generic_P-V_Shops,Florist_Bulk_Phrase,32,4,17.88,0,4.47,,12.5,0.0
[bulk baby clothing sets],Exact match,AU_Generic_P-V_Apparel,Accessories Baby_Bulk_Exact,20,3,17.81,0,5.94,,15.0,0.0
[wholesale dinnerware sets],Exact match,AU_Generic_P-V_Food,Cultlery_Wholesale_Exact,10,3,17.72,0,5.91,,30.0,0.0
"""bookbags suppliers""",Phrase match,AU_Generic_P-V_Apparel,Accessories_Suppliers_Phrase,39,3,17.54,0,5.85,,7.69,0.0
[bulk toilet paper],Exact match,AU_Generic_P-V_Janitorial,Paper_Bulk,56,4,17.45,3,4.36,5.82,7.14,75.0
"""bulk polishes""",Phrase match,AU_Generic_P-V_Janitorial,Industrial-Chemicals_Bulk_Phrase,25,3,17.28,0,5.76,,12.0,0.0
[wholesale merchandise],Exact match,AU_Generic,Wholesales_Products_Exact,18,2,17.23,0,8.62,,11.11,0.0
[business cards online],Exact match,AU_Generic_P-V_Office,Office-Supplies_Exact,67,5,17.11,0,3.42,,7.46,0.0
[wholesale vodka],Exact match,AU_Generic_P-V_Food,Drinks_Wholesale_Exact,4,2,17.1,0,8.55,,50.0,0.0
[book wholesalers],Exact match,AU_Generic_P-V_Shops,Wholesalers_Books Shop,24,3,17.05,0,5.68,,12.5,0.0
[amazon business account review],Exact match,AU_Brand_Exact,Account_Exact,29,1,16.84,0,16.84,,3.45,0.0
"""bulk socks""",Phrase match,AU_Generic_P-V_Apparel,Hosiery & Socks_Bulk_Phrase,48,5,16.72,0,3.34,,10.42,0.0
"""wholesale aromatherapy products""",Phrase match,AU_Generic_P-V_Beauty,Massage_Wholesale_Phrase,32,3,16.6,0,5.53,,9.38,0.0
"""wholesale tanning products""",Phrase match,AU_Generic_P-V_Beauty,Skin-Care-Appliances_Wholesale_Phrase,18,2,16.57,0,8.29,,11.11,0.0
[bulk hair care products],Exact match,AU_Generic_P-V_Beauty,Hair-Styling_Bulk_Exact,17,3,16.51,0,5.5,,17.65,0.0
"""wholesale bedding""",Phrase match,AU_Generic_P-V_Hospitality,Products_Wholesale_Phrase,35,5,16.44,0,3.29,,14.29,0.0
"""industrial all purpose cleaners""",Phrase match,AU_Generic_P-V_Janitorial,Industrial-Chemicals_Phrase,33,3,16.39,0,5.46,,9.09,0.0
"""hotel supplies""",Phrase match,AU_Generic_P-V_Hospitality,Products_Phrase,40,4,16.13,0,4.03,,10.0,0.0
"""book wholesales""",Phrase match,AU_Generic_P-V_Shops,Books Shop_Wholesales_Phrase,33,4,16.09,1,4.02,16.09,12.12,25.0
"""christmas decorations wholesalers""",Phrase match,AU_Generic_P-V_Celebrations,Christmas_Wholesale_Phrase,40,2,15.79,0,7.9,,5.0,0.0
"""water wholesalers""",Phrase match,AU_Generic_P-V_Food,Food_Wholesalers_Phrase,29,5,15.62,0,3.12,,17.24,0.0
"""bulk party decorations""",Phrase match,AU_Generic_P-V_Celebrations,Party_Bulk_Phrase,75,4,15.39,0,3.85,,5.33,0.0
"""bulk pots""",Phrase match,AU_Generic_P-V_Food,Cookware_Bulk_Phrase,74,4,15.39,0,3.85,,5.41,0.0
[bulk boxed chocolate],Exact match,AU_Generic_P-V_Food,Food_Bulk_Exact,41,6,15.2,0,2.53,,14.63,0.0
[wholesale drinks],Exact match,AU_Generic_P-V_Food,Food_Wholesale_Exact,20,4,14.88,0,3.72,,20.0,0.0
[bulk cleaning chemicals],Exact match,AU_Generic_P-V_Janitorial,Industrial-Chemicals_Bulk_Exact,20,3,14.83,0,4.94,,15.0,0.0
"""bulk take out containers""",Phrase match,AU_Generic_P-V_Food,Kitchen Tools_Bulk_Phrase,30,3,14.6,0,4.87,,10.0,0.0
"""conference table""",Phrase match,AU_Generic_P-V_Office,Furniture_Phrase,31,4,14.58,0,3.65,,12.9,0.0
"""bulk trash liners""",Phrase match,AU_Generic_P-V_Janitorial,Waste_Bulk_Phrase,88,4,14.45,0,3.61,,4.55,0.0
[party decorations products],Exact match,AU_Generic_P-V_Celebrations,Party_Decorations_Exact,25,3,14.39,0,4.8,,12.0,0.0
"""shoes in bulk""",Phrase match,AU_Generic_P-V_Shops,Clothing_Bulk_Phrase,53,3,14.37,0,4.79,,5.66,0.0
[commercial woks],Exact match,AU_Generic_P-V_Food,Pans_Exact,13,2,14.25,0,7.13,,15.38,0.0
"""wholesale skin care products""",Phrase match,AU_Generic_P-V_Beauty,Skin-Care_Wholesale_Phrase,71,3,14.2,0,4.73,,4.23,0.0
"""wholesale beach clothing""",Phrase match,AU_Generic_P-V_Apparel,Swimwear_Wholesales_Phrase,35,3,14.16,0,4.72,,8.57,0.0
[wholesale wipes],Exact match,AU_Generic_P-V_Janitorial,Tools_Wholesale_Exact,4,2,14.12,0,7.06,,50.0,0.0
[stationery accessories],Exact match,AU_Generic_P-V_Office,Stationery_Exact,38,3,14.03,0,4.68,,7.89,0.0
"""foodstuffs wholesale""",Phrase match,AU_Generic_P-V_Food,Wholesales_Food_Phrase,14,4,14.02,0,3.51,,28.57,0.0
"""bulk air fresheners""",Phrase match,AU_Generic_P-V_Janitorial,Odour_Bulk_Phrase,28,4,13.99,0,3.5,,14.29,0.0
"""bulk hair care products""",Phrase match,AU_Generic_P-V_Beauty,Hair-Styling_Bulk_Phrase,25,8,13.94,0,1.74,,32.0,0.0
[hotel bathroom supplies],Exact match,AU_Generic_P-V_Hospitality,Products_Exact,2,1,13.89,0,13.89,,50.0,0.0
"""equipment and supply""",Phrase match,AU_Generic,Procurement_Products_Phrase,20,2,13.71,0,6.86,,10.0,0.0
[clothing wholesalers],Exact match,AU_Generic_P-V_Shops,Wholesale_Clothing,71,2,13.69,0,6.85,,2.82,0.0
[scarves distributors],Exact match,AU_Generic_P-V_Apparel,Accessories_Distributors_Exact,3,1,13.6,0,13.6,,33.33,0.0
"""hospitality bathroom supplies""",Phrase match,AU_Generic_P-V_Hospitality,Hospitality_Phrase,33,4,13.38,0,3.35,,12.12,0.0
[professional mops],Exact match,AU_Generic_P-V_Janitorial,Floor-Care_Exact,32,2,13.26,0,6.63,,6.25,0.0
"""wholesale brushes""",Phrase match,AU_Generic_P-V_Beauty,Hair-Appliances_Wholesale_Phrase,13,2,13.2,0,6.6,,15.38,0.0
[bulk shoes],Exact match,AU_Generic_P-V_Apparel,Eyewear_Wholesales_Exact,5,3,13.12,0,4.37,,60.0,0.0
[bulk whisky],Exact match,AU_Generic_P-V_Food,Drinks_Bulk_Exact,15,3,12.98,0,4.33,,20.0,0.0
[bulk soap],Exact match,AU_Generic_P-V_Janitorial,Soap_Bulk_Exact,11,2,12.86,0,6.43,,18.18,0.0
"""professional air tools""",Phrase match,AU_Generic_P-V_Crafts,Professional-Tools_Phrase,26,2,12.66,0,6.33,,7.69,0.0
"""bulk cutlery sets""",Phrase match,AU_Generic_P-V_Food,Cultlery_Bulk_Phrase,25,5,12.57,0,2.51,,20.0,0.0
[order books in bulk],Exact match,AU_Generic_P-V_Shops,Book Shop_Bulk_Exact,20,3,12.51,0,4.17,,15.0,0.0
"""wholesale umbrellas""",Phrase match,AU_Generic_P-V_Apparel,Accessories_Wholesales_Phrase,28,3,12.39,0,4.13,,10.71,0.0
[all purpose cleaners],Exact match,AU_Generic_P-V_Janitorial,Industrial-Chemicals_Exact,8,1,12.33,0,12.33,,12.5,0.0
[wholesale biscuits],Exact match,AU_Generic_P-V_Food,Food_Wholesale_Exact,14,2,12.26,0,6.13,,14.29,0.0
"""wholesale bakers""",Phrase match,AU_Generic_P-V_Food,Wholesales_Food_Phrase,23,4,12.12,0,3.03,,17.39,0.0
[bulk deodorants],Exact match,AU_Generic_P-V_Beauty,Skin-Care_Bulk_Exact,4,2,11.93,0,5.97,,50.0,0.0
[bulk disinfectants],Exact match,AU_Generic_P-V_Janitorial,Detergent_Bulk_Exact,15,1,11.91,0,11.91,,6.67,0.0
[bulk bath robes],Exact match,AU_Generic_P-V_Apparel,Sleepwear_Bulk_Exact,2,1,11.89,0,11.89,,50.0,0.0
"""bulk headphones""",Phrase match,AU_Generic_P-V_Electronics,Headphones_Bulk_Phrase,12,2,11.72,0,5.86,,16.67,0.0
[amazon company account],Exact match,AU_Brand_Exact,Account_Exact,19,5,11.69,0,2.34,,26.32,0.0
"""commercial toilet tissue dispensers""",Phrase match,AU_Generic_P-V_Janitorial,Fixtures_Phrase,48,4,11.58,0,2.9,,8.33,0.0
"""present suppliers""",Phrase match,AU_Generic_P-V_Shops,Suppliers_Gifts,27,1,11.52,0,11.52,,3.7,0.0
"""bulk paper products""",Phrase match,AU_Generic_P-V_Janitorial,Paper_Bulk_Phrase,52,5,11.42,3,2.28,3.81,9.62,60.0
"""professional floor mats""",Phrase match,AU_Generic_P-V_Janitorial,Floor-Care_Phrase,79,2,11.35,0,5.68,,2.53,0.0
"""bulk feminine hygiene products""",Phrase match,AU_Generic_P-V_Janitorial,Personal-Care_Bulk_Phrase,37,4,11.31,0,2.83,,10.81,0.0
"""companies online retailing""",Phrase match,AU_Generic,Enterprises_Shop_Phrase,120,3,10.94,0,3.65,,2.5,0.0
"""bulk condiments""",Phrase match,AU_Generic_P-V_Food,Condiments_Bulk_Phrase,49,3,10.89,0,3.63,,6.12,0.0
[wholesale suppliers],Exact match,AU_Generic,Wholesales_Suppliers_Exact,8,2,10.8,0,5.4,,25.0,0.0
"""wholesale oils""",Phrase match,AU_Generic_P-V_Food,Condiments_Wholesale_Phrase,17,4,10.64,0,2.66,,23.53,0.0
[fabric wholesale],Exact match,AU_Generic_P-V_Materials,Wholesales_Textiles_Exact,24,2,10.62,0,5.31,,8.33,0.0
"""bulk soya milk""",Phrase match,AU_Generic_P-V_Food,Food_Bulk_Phrase,11,3,10.55,1,3.52,10.55,27.27,33.33
"""pots wholesalers""",Phrase match,AU_Generic_P-V_Food,Cookware_Wholesalers_Phrase,39,2,10.55,0,5.28,,5.13,0.0
[bulk straws],Exact match,AU_Generic_P-V_Food,Barware_Bulk_Exact,14,2,10.52,0,5.26,,14.29,0.0
"""chemicals suppliers""",Phrase match,AU_Generic_P-V_Crafts,Professional-Tools_Suppliers_Phrase,62,3,10.47,0,3.49,,4.84,0.0
[wholesale cupcake boxes],Exact match,AU_Generic_P-V_Food,Kitchen Tools_Wholesale_Exact,9,2,10.36,1,5.18,10.36,22.22,50.0
"""wholesale hospitality""",Phrase match,AU_Generic_P-V_Hospitality,Products_Wholesale_Phrase,65,3,10.27,0,3.42,,4.62,0.0
[leggings suppliers],Exact match,AU_Generic_P-V_Apparel,Hosiery & Socks_Suppliers_Exact,2,1,10.16,0,10.16,,50.0,0.0
"""bulk laundry""",Phrase match,AU_Generic_P-V_Food,Linens_Bulk_Phrase,27,4,9.91,0,2.48,,14.81,0.0
"""bulk disposable wipes""",Phrase match,AU_Generic_P-V_Janitorial,Paper_Bulk_Phrase,29,3,9.91,0,3.3,,10.34,0.0
"""office lighting""",Phrase match,AU_Generic_P-V_Office,Furniture_Phrase,84,1,9.83,0,9.83,,1.19,0.0
"""wholesale bath robes""",Phrase match,AU_Generic_P-V_Apparel,Sleepwear_Wholesales_Phrase,7,1,9.81,0,9.81,,14.29,0.0
"""distributor supply""",Phrase match,AU_Generic,Procurement_Distributors_Phrase,27,2,9.79,0,4.89,,7.41,0.0
"""bulk mobile phone""",Phrase match,AU_Generic_P-V_Electronics,Cell-Phones_Bulk_Phrase,18,3,9.79,0,3.26,,16.67,0.0
[bulk buy food],Exact match,AU_Generic_P-V_Food,Food_Bulk_Exact,64,7,9.76,0,1.39,,10.94,0.0
"""professional carpet steamers""",Phrase match,AU_Generic_P-V_Janitorial,Floor-Care_Phrase,93,2,9.69,0,4.85,,2.15,0.0
"""industrial degreasers""",Phrase match,AU_Generic_P-V_Janitorial,Industrial-Chemicals_Phrase,27,1,9.67,0,9.67,,3.7,0.0
"""detergent supplier""",Phrase match,AU_Generic_P-V_Janitorial,Detergent_Supplier_Phrase,12,1,9.66,0,9.66,,8.33,0.0
"""lids wholesalers""",Phrase match,AU_Generic_P-V_Food,Cookware_Wholesalers_Phrase,35,2,9.65,0,4.83,,5.71,0.0
[industrial cleaning chemicals],Exact match,AU_Generic_P-V_Janitorial,Industrial-Chemicals_Exact,11,1,9.64,0,9.64,,9.09,0.0
[b2b marketplace],Exact match,AU_Generic,B2B_Marketplace_Exact,4,1,9.62,0,9.62,,25.0,0.0
[distributors toy],Exact match,AU_Generic_P-V_Shops,Toys Shop_Distributors,14,1,9.5,0,9.5,,7.14,0.0
[bulk soft drinks],Exact match,AU_Generic_P-V_Food,Drinks_Bulk_Exact,20,4,9.49,0,2.37,,20.0,0.0
"""mens bulk t-shirts""",Phrase match,AU_Generic_P-V_Apparel,Tops Men_Bulk_Phrase,9,1,9.44,0,9.44,,11.11,0.0
"""bulk jeans""",Phrase match,AU_Generic_P-V_Apparel,Bottoms_Bulk_Phrase,14,3,9.34,0,3.11,,21.43,0.0
[wholesale water],Exact match,AU_Generic_P-V_Food,Food_Wholesale_Exact,15,3,9.23,0,3.08,,20.0,0.0
[makeup suppliers],Exact match,AU_Generic_P-V_Beauty,Makeup_Supplier_Exact,19,2,9.19,0,4.6,,10.53,0.0
[cleaning chemicals],Exact match,AU_Generic_P-V_Janitorial,Industrial-Chemicals_Exact,14,1,9.1,0,9.1,,7.14,0.0
[wholesaler for resellers],Exact match,AU_Generic,Resellers_Distributors_Exact,21,2,9.06,0,4.53,,9.52,0.0
"""business prime""",Phrase match,AU_Brand_Phrase,Prime_Phrase,49,1,9.02,0,9.02,,2.04,0.0
"""spray bottles supplier""",Phrase match,AU_Generic_P-V_Janitorial,Tools_Supplier_Phrase,32,2,8.99,0,4.5,,6.25,0.0
"""bulk baby clothing sets""",Phrase match,AU_Generic_P-V_Apparel,Accessories Baby_Bulk_Phrase,5,2,8.97,0,4.49,,40.0,0.0
"""bulk decanters""",Phrase match,AU_Generic_P-V_Food,Glassware_Bulk_Phrase,5,1,8.96,0,8.96,,20.0,0.0
"""bulk cell phone accessories""",Phrase match,AU_Generic_P-V_Electronics,Cell-Phones_Bulk_Phrase,30,4,8.9,0,2.23,,13.33,0.0
"""boots distributors""",Phrase match,AU_Generic_P-V_Apparel,Shoes_Distributors_Phrase,7,2,8.82,0,4.41,,28.57,0.0
"""bulk seller""",Phrase match,AU_Generic,Bulk_Sellers_Phrase,3,1,8.8,0,8.8,,33.33,0.0
"""manufacturing items""",Phrase match,AU_Generic,Commercial Customers_Products_Phrase,43,1,8.68,0,8.68,,2.33,0.0
[pasta wholesalers],Exact match,AU_Generic_P-V_Food,Food_Wholesalers_Exact,20,3,8.66,0,2.89,,15.0,0.0
"""bulk hosiery""",Phrase match,AU_Generic_P-V_Apparel,Leggins & Tights_Bulk_Phrase,8,2,8.62,0,4.31,,25.0,0.0
"""wholesale take out containers""",Phrase match,AU_Generic_P-V_Food,Kitchen Tools_Wholesale_Phrase,30,3,8.59,0,2.86,,10.0,0.0
"""pet supplies wholesaler""",Phrase match,AU_Generic_P-V_Shops,Pet Shop_Wholesale_Phrase,17,3,8.52,0,2.84,,17.65,0.0
"""sweets suppliers""",Phrase match,AU_Generic_P-V_Food,Food_Suppliers_Phrase,79,3,8.52,0,2.84,,3.8,0.0
"""bulk glassware""",Phrase match,AU_Generic_P-V_Food,Cultlery_Bulk_Phrase,20,4,8.46,1,2.12,8.46,20.0,25.0
"""wholesale jackets""",Phrase match,AU_Generic_P-V_Apparel,Outerwear_Wholesales_Phrase,44,3,8.44,0,2.81,,6.82,0.0
"""b2b online shop""",Phrase match,AU_Generic,B2B_Shop_Phrase,41,2,8.43,0,4.22,,4.88,0.0
"""salt wholesale""",Phrase match,AU_Generic_P-V_Food,Wholesales_Food_Phrase,30,3,8.42,0,2.81,,10.0,0.0
[home office essentials],Exact match,AU_Generic_P-V_Office,Home-Office_Exact,42,1,8.37,0,8.37,,2.38,0.0
"""bulk champagne""",Phrase match,AU_Generic_P-V_Food,Drinks_Bulk_Phrase,22,1,8.37,0,8.37,,4.55,0.0
[wholesale furniture for retailers],Exact match,AU_Generic_P-V_Shops,Furniture_Exact,6,2,8.25,0,4.13,,33.33,0.0
[hospitality furniture],Exact match,AU_Generic_P-V_Hospitality,Furniture_Exact,37,1,8.14,0,8.14,,2.7,0.0
"""spices wholesale""",Phrase match,AU_Generic_P-V_Food,Wholesales_Food_Phrase,22,2,8.1,1,4.05,8.1,9.09,50.0
"""bulk women sweaters""",Phrase match,AU_Generic_P-V_Apparel,Tops Women_Bulk_Phrase,4,2,8.06,0,4.03,,50.0,0.0
[coffee machines sellers],Exact match,AU_Generic_P-V_Food,Coffee Machines_Sellers_Exact,40,2,8.05,0,4.03,,5.0,0.0
[bulk tumblers],Exact match,AU_Generic_P-V_Food,Glassware_Bulk_Exact,8,3,8.01,0,2.67,,37.5,0.0
[bulk vodka],Exact match,AU_Generic_P-V_Food,Drinks_Bulk_Exact,4,1,8.0,0,8.0,,25.0,0.0
[industrial brooms],Exact match,AU_Generic_P-V_Janitorial,Industrial-Chemicals_Exact,18,1,8.0,0,8.0,,5.56,0.0
[order stationery],Exact match,AU_Generic_P-V_Office,Stationery_Exact,37,2,8.0,0,4.0,,5.41,0.0
[buy janitorial],Exact match,AU_Generic_P-V_Janitorial,Purchasing_Exact,36,1,7.95,0,7.95,,2.78,0.0
"""hotel amenities bulk""",Phrase match,AU_Generic_P-V_Hospitality,Generic_Bulk_Phrase,16,1,7.94,0,7.94,,6.25,0.0
[cleaning wholesale],Exact match,AU_Generic_P-V_Janitorial,Wholesale_Exact,6,2,7.91,0,3.96,,33.33,0.0
[bulk rice],Exact match,AU_Generic_P-V_Food,Food_Bulk_Exact,41,3,7.84,0,2.61,,7.32,0.0
"""bulk razors""",Phrase match,AU_Generic_P-V_Beauty,Hair-Appliances_Bulk_Phrase,12,2,7.74,0,3.87,,16.67,0.0
[wholesale stationery],Exact match,AU_Generic_P-V_Office,Wholesale_Exact,13,2,7.67,0,3.84,,15.38,0.0
"""noodles wholesalers""",Phrase match,AU_Generic_P-V_Food,Food_Wholesalers_Phrase,37,2,7.66,0,3.83,,5.41,0.0
"""shorts suppliers""",Phrase match,AU_Generic_P-V_Apparel,Bottoms_Suppliers_Phrase,19,2,7.53,0,3.77,,10.53,0.0
[wholesale lipstick],Exact match,AU_Generic_P-V_Beauty,Makeup_Wholesale_Exact,6,2,7.41,0,3.71,,33.33,0.0
[bulk mens polo shirts],Exact match,AU_Generic_P-V_Apparel,Tops Men_Bulk_Exact,4,1,7.31,0,7.31,,25.0,0.0
"""mens wholesale shirts""",Phrase match,AU_Generic_P-V_Apparel,Tops Men_Wholesales_Phrase,19,2,7.29,0,3.65,,10.53,0.0
[wholesale cake boxes],Exact match,AU_Generic_P-V_Food,Kitchen Tools_Wholesale_Exact,11,4,7.27,0,1.82,,36.36,0.0
[products for start-ups],Exact match,AU_Generic,Enterprises_Products_Exact,3,1,7.25,0,7.25,,33.33,0.0
"""bulk buy water""",Phrase match,AU_Generic_P-V_Food,Drinks_Bulk_Phrase,13,3,7.14,0,2.38,,23.08,0.0
"""products start-ups""",Phrase match,AU_Generic,Enterprises_Products_Phrase,8,1,7.1,0,7.1,,12.5,0.0
[bulk cupcake boxes],Exact match,AU_Generic_P-V_Food,Kitchen Tools_Bulk_Exact,7,1,7.1,0,7.1,,14.29,0.0
[bulk commercial toilet paper],Exact match,AU_Generic_P-V_Janitorial,Paper_Bulk_Exact,32,2,7.1,0,3.55,,6.25,0.0
[bulk cups],Exact match,AU_Generic_P-V_Food,Kitchen Tools_Bulk_Exact,6,1,7.04,0,7.04,,16.67,0.0
"""foods catalogue""",Phrase match,AU_Generic_P-V_Food,Food_Catalog_Phrase,14,1,7.0,0,7.0,,7.14,0.0
"""wholesale massage""",Phrase match,AU_Generic_P-V_Beauty,Massage_Wholesale_Phrase,18,2,6.97,0,3.49,,11.11,0.0
[drinks suppliers],Exact match,AU_Generic_P-V_Food,Food_Suppliers_Exact,11,2,6.96,0,3.48,,18.18,0.0
"""bulk tissues""",Phrase match,AU_Generic_P-V_Janitorial,Paper_Bulk,52,2,6.92,0,3.46,,3.85,0.0
"""office supplies au""",Phrase match,AU_Generic_P-V_Office,Suppliers_Phrase,90,2,6.91,0,3.46,,2.22,0.0
"""wholesale hair extension""",Phrase match,AU_Generic_P-V_Beauty,Hair-Appliances_Wholesale_Phrase,52,1,6.87,0,6.87,,1.92,0.0
"""bulk presents""",Phrase match,AU_Generic_P-V_Shops,Bulk_Gifts_Phrase,16,2,6.84,0,3.42,,12.5,0.0
"""bulk women t-shirts""",Phrase match,AU_Generic_P-V_Apparel,Tops Women_Bulk_Phrase,21,2,6.84,0,3.42,,9.52,0.0
[wholesale electronic products],Exact match,AU_Generic_P-V_Electronics,Electronics_Wholesale_Exact,13,1,6.73,0,6.73,,7.69,0.0
"""bulk bra""",Phrase match,AU_Generic_P-V_Apparel,Underwear_Bulk_Phrase,16,1,6.72,0,6.72,,6.25,0.0
[bulk baby accessories],Exact match,AU_Generic_P-V_Apparel,Accessories Baby_Bulk_Exact,15,1,6.59,0,6.59,,6.67,0.0
"""cake boxes wholesalers""",Phrase match,AU_Generic_P-V_Food,Kitchen Tools_Wholesalers_Phrase,21,2,6.58,0,3.29,,9.52,0.0
"""waxing suppliers""",Phrase match,AU_Generic_P-V_Beauty,Hair-Removal_Supplier_Phrase,19,2,6.58,0,3.29,,10.53,0.0
[wholesale jeans],Exact match,AU_Generic_P-V_Apparel,Bottoms_Wholesales_Exact,3,1,6.45,0,6.45,,33.33,0.0
"""bulk vegetables""",Phrase match,AU_Generic_P-V_Food,Food_Bulk_Phrase,29,2,6.44,0,3.22,,6.9,0.0
[wholesale swim shorts],Exact match,AU_Generic_P-V_Apparel,Swimwear_Wholesales_Exact,1,1,6.43,0,6.43,,100.0,0.0
[wholesale spray bottles],Exact match,AU_Generic_P-V_Janitorial,Tools_Wholesale_Exact,10,1,6.3,0,6.3,,10.0,0.0
[cake boxes wholesalers],Exact match,AU_Generic_P-V_Food,Kitchen Tools_Wholesalers_Exact,8,3,6.29,0,2.1,,37.5,0.0
"""wholesale moisturizer""",Phrase match,AU_Generic_P-V_Beauty,Skin-Care_Wholesale_Phrase,10,1,6.24,0,6.24,,10.0,0.0
"""professional sanders""",Phrase match,AU_Generic_P-V_Crafts,Professional-Tools_Phrase,55,2,6.19,0,3.1,,3.64,0.0
"""wholesale vinegars""",Phrase match,AU_Generic_P-V_Food,Condiments_Wholesale_Phrase,23,1,6.07,0,6.07,,4.35,0.0
"""suppliers items""",Phrase match,AU_Generic,Suppliers_Products_Phrase,26,1,6.0,0,6.0,,3.85,0.0
"""spectacle frames suppliers""",Phrase match,AU_Generic_P-V_Apparel,Swimwear_Wholesales_Phrase_Phrase,11,1,5.97,0,5.97,,9.09,0.0
"""bulk mens t-shirts""",Phrase match,AU_Generic_P-V_Apparel,Tops Men_Bulk_Phrase,8,1,5.96,0,5.96,,12.5,0.0
"""wholesale body soap""",Phrase match,AU_Generic_P-V_Beauty,Bath_Wholesale_Phrase,11,1,5.95,0,5.95,,9.09,0.0
"""insulation wholesale""",Phrase match,AU_Generic_P-V_Crafts,Professional-Tools_Wholesale_Phrase,5,1,5.91,0,5.91,,20.0,0.0
"""boots suppliers""",Phrase match,AU_Generic_P-V_Apparel,Shoes_Suppliers_Phrase,21,1,5.91,0,5.91,,4.76,0.0
[amazon for business prime],Exact match,AU_Brand_Exact,Prime_Exact,27,4,5.91,1,1.48,5.91,14.81,25.0
"""wholesale tote bags""",Phrase match,AU_Generic_P-V_Apparel,Accessories_Wholesales_Phrase,18,2,5.87,0,2.94,,11.11,0.0
[amazon prime pro],Exact match,AU_Brand_Exact,Prime_Exact,19,4,5.83,0,1.46,,21.05,0.0
"""disinfectants supplier""",Phrase match,AU_Generic_P-V_Janitorial,Detergent_Supplier_Phrase,8,1,5.82,0,5.82,,12.5,0.0
"""jeans suppliers""",Phrase match,AU_Generic_P-V_Apparel,Bottoms_Suppliers_Phrase,24,2,5.8,0,2.9,,8.33,0.0
[wholesale laundry detergent],Exact match,AU_Generic_P-V_Janitorial,Detergent_Wholesale_Exact,15,2,5.78,0,2.89,,13.33,0.0
"""wholesale shorts""",Phrase match,AU_Generic_P-V_Apparel,Bottoms_Wholesales_Phrase,19,1,5.72,0,5.72,,5.26,0.0
[gift bags bulk],Exact match,AU_Generic_P-V_Celebrations,Generic_Bulk_Exact,22,1,5.7,0,5.7,,4.55,0.0
[bulk plates],Exact match,AU_Generic_P-V_Food,Plates_Bulk_Exact,19,1,5.62,0,5.62,,5.26,0.0
"""bulk pans""",Phrase match,AU_Generic_P-V_Food,Cookware_Bulk_Phrase,19,1,5.61,0,5.61,,5.26,0.0
[bulk easter sweets],Exact match,AU_Generic_P-V_Food,Sweets_Bulk_Exact,4,1,5.59,0,5.59,,25.0,0.0
[bulk gifts],Exact match,AU_Generic_P-V_Shops,Bulk_Gifts_Exact,8,1,5.57,0,5.57,,12.5,0.0
"""hardware wholesale""",Phrase match,AU_Generic_P-V_Crafts,Professional-Tools_Wholesale_Phrase,8,1,5.57,0,5.57,,12.5,0.0
"""commercial frying pans""",Phrase match,AU_Generic_P-V_Food,Pans_Phrase,10,2,5.57,0,2.79,,20.0,0.0
"""mens bulk polo shirts""",Phrase match,AU_Generic_P-V_Apparel,Tops Men_Bulk_Phrase,9,1,5.55,0,5.55,,11.11,0.0
"""professional air compressors""",Phrase match,AU_Generic_P-V_Crafts,Professional-Tools_Phrase,10,2,5.48,0,2.74,,20.0,0.0
[commercial flasks],Exact match,AU_Generic_P-V_Food,Barware_Exact,4,2,5.48,0,2.74,,50.0,0.0
[umbrellas suppliers],Exact match,AU_Generic_P-V_Apparel,Accessories_Suppliers_Exact,4,1,5.45,0,5.45,,25.0,0.0
[soap supplier],Exact match,AU_Generic_P-V_Janitorial,Soap_Supplier_Exact,2,1,5.38,1,5.38,5.38,50.0,100.0
[wholesale nail polish],Exact match,AU_Generic_P-V_Beauty,Nail-Care_Wholesale_Exact,3,2,5.34,0,2.67,,66.67,0.0
[commercial cutlery],Exact match,AU_Generic_P-V_Food,Cultlery_Exact,11,1,5.32,0,5.32,,9.09,0.0
[bulk dish soap],Exact match,AU_Generic_P-V_Janitorial,Soap_Bulk_Exact,34,1,5.27,1,5.27,5.27,2.94,100.0
[wholesale belts],Exact match,AU_Generic_P-V_Apparel,Accessories_Wholesales_Exact,1,1,5.25,0,5.25,,100.0,0.0
"""party suppliers""",Phrase match,AU_Generic_P-V_Celebrations,Party_Suppliers_Phrase,5,1,5.24,0,5.24,,20.0,0.0
"""bulk pasta""",Phrase match,AU_Generic_P-V_Food,Food_Bulk_Phrase,11,2,5.22,0,2.61,,18.18,0.0
"""soap distributor""",Phrase match,AU_Generic_P-V_Janitorial,Soap_Distributor_Phrase,21,2,5.15,0,2.58,,9.52,0.0
"""soft drinks distributor""",Phrase match,AU_Generic_P-V_Food,Drinks_Distributor_Phrase,9,2,5.13,0,2.57,,22.22,0.0
[polo shirts suppliers],Exact match,AU_Generic_P-V_Apparel,Tops_Suppliers_Exact,2,1,4.96,0,4.96,,50.0,0.0
"""paper towels distributor""",Phrase match,AU_Generic_P-V_Janitorial,Paper_Distributor_Phrase,83,1,4.96,0,4.96,,1.2,0.0
"""industrial electrical products""",Phrase match,AU_Generic_P-V_Industrial,Electrical_Phrase,9,1,4.96,0,4.96,,11.11,0.0
[bulk cleaning gloves],Exact match,AU_Generic_P-V_Janitorial,Gloves_Bulk_Exact,1,1,4.89,0,4.89,,100.0,0.0
"""bulk respirators""",Phrase match,AU_Generic_P-V_Safety,Equipment-Gear_Bulk_Phrase,4,1,4.86,0,4.86,,25.0,0.0
[business cards],Exact match,AU_Generic_P-V_Office,Office-Supplies_Exact,46,1,4.84,0,4.84,,2.17,0.0
"""bulk eyewear""",Phrase match,AU_Generic_P-V_Apparel,Eyewear_Bulk_Phrase,17,1,4.84,0,4.84,,5.88,0.0
"""toy distributors""",Phrase match,AU_Generic_P-V_Shops,Toys Shop_Distributors_Phrase,9,1,4.83,1,4.83,4.83,11.11,100.0
[hardware bulk],Exact match,AU_Generic_P-V_Crafts,Professional-Tools_Bulk_Exact,2,1,4.76,0,4.76,,50.0,0.0
[amazon business sign in],Exact match,AU_Brand_Exact,Navigation_Exact,26,3,4.76,0,1.59,,11.54,0.0
[office filing system],Exact match,AU_Generic_P-V_Office,Office_Exact,5,1,4.71,0,4.71,,20.0,0.0
"""wholesale earphones""",Phrase match,AU_Generic_P-V_Electronics,Headphones_Wholesale_Phrase,10,1,4.69,0,4.69,,10.0,0.0
"""cell phone distributor""",Phrase match,AU_Generic_P-V_Electronics,Cell-Phones_Distributor_Phrase,4,1,4.65,0,4.65,,25.0,0.0
[shoes distributors],Exact match,AU_Generic_P-V_Apparel,Shoes_Distributors_Exact,6,1,4.51,0,4.51,,16.67,0.0
"""bulk bin bags""",Phrase match,AU_Generic_P-V_Janitorial,Waste_Bulk_Phrase,64,1,4.49,0,4.49,,1.56,0.0
"""bulk snacks""",Phrase match,AU_Generic_P-V_Food,Food_Bulk_Phrase,21,4,4.49,0,1.12,,19.05,0.0
"""hotel supplies wholesale""",Phrase match,AU_Generic_P-V_Hospitality,Products_Wholesale_Phrase,1,1,4.45,0,4.45,,100.0,0.0
"""wholesale biscuits""",Phrase match,AU_Generic_P-V_Food,Food_Wholesale_Phrase,8,1,4.42,0,4.42,,12.5,0.0
[wholesale massage tables],Exact match,AU_Generic_P-V_Beauty,Massage_Wholesale_Exact,1,1,4.41,0,4.41,,100.0,0.0
[wholesale cups],Exact match,AU_Generic_P-V_Food,Kitchen Tools_Wholesale_Exact,2,1,4.4,0,4.4,,50.0,0.0
[garden tools wholesale],Exact match,AU_Generic_P-V_Crafts,Hand-Tools_Wholesale_Exact,4,1,4.38,0,4.38,,25.0,0.0
[bulk pasta],Exact match,AU_Generic_P-V_Food,Food_Bulk_Exact,15,2,4.35,0,2.17,,13.33,0.0
[books bulk],Exact match,AU_Generic_P-V_Shops,Book Shop_Bulk_Exact,8,1,4.24,0,4.24,,12.5,0.0
[wholesale rice],Exact match,AU_Generic_P-V_Food,Food_Wholesale_Exact,11,2,4.21,0,2.11,,18.18,0.0
[take out containers suppliers],Exact match,AU_Generic_P-V_Food,Kitchen Tools_Suppliers_Exact,5,1,4.16,0,4.16,,20.0,0.0
"""bulk jackets""",Phrase match,AU_Generic_P-V_Apparel,Outerwear_Bulk_Phrase,2,1,4.16,0,4.16,,50.0,0.0
[commercial water glasses],Exact match,AU_Generic_P-V_Food,Glassware_Exact,3,1,4.13,1,4.13,4.13,33.33,100.0
[wholesale],Exact match,AU_Generic,Wholesale_Exact,11,1,4.12,0,4.12,,9.09,0.0
"""professional mop buckets""",Phrase match,AU_Generic_P-V_Janitorial,Floor-Care_Phrase,36,1,4.09,0,4.09,,2.78,0.0
"""shop fittings""",Phrase match,AU_Generic_P-V_Shops,Furniture_Phrase,6,2,4.04,0,2.02,,33.33,0.0
[wholesale computer parts],Exact match,AU_Generic_P-V_Electronics,Computers_Wholesale_Exact,2,1,4.03,1,4.03,4.03,50.0,100.0
"""commercial computers""",Phrase match,AU_Generic_P-V_Electronics,Computers_Phrase,18,1,4.03,0,4.03,,5.56,0.0
[bulk cornflakes],Exact match,AU_Generic_P-V_Food,Food_Bulk_Exact,3,1,4.0,0,4.0,,33.33,0.0
[wholesale rum],Exact match,AU_Generic_P-V_Food,Drinks_Wholesale_Exact,1,1,4.0,0,4.0,,100.0,0.0
[book distributors],Exact match,AU_Generic_P-V_Shops,Book Shop_Distributors_Exact,1,1,3.99,0,3.99,,100.0,0.0
[bulk disposable cameras],Exact match,AU_Generic_P-V_Electronics,Camera-Accessories_Bulk_Exact,42,1,3.96,0,3.96,,2.38,0.0
[wholesale baby clothing sets],Exact match,AU_Generic_P-V_Apparel,Accessories Baby_Wholesales_Exact,10,1,3.95,0,3.95,,10.0,0.0
[bulk computer parts],Exact match,AU_Generic_P-V_Electronics,Computers_Bulk_Exact,3,1,3.94,0,3.94,,33.33,0.0
"""bulk women polo shirts""",Phrase match,AU_Generic_P-V_Apparel,Tops Women_Bulk_Phrase,7,1,3.94,0,3.94,,14.29,0.0
[bulk water glasses],Exact match,AU_Generic_P-V_Food,Glassware_Bulk_Exact,5,1,3.92,0,3.92,,20.0,0.0
"""bulk dog accessories""",Phrase match,AU_Generic_P-V_Shops,Bulk_Pet Shop_Phrase,12,1,3.9,0,3.9,,8.33,0.0
"""b2b business""",Phrase match,AU_Generic,B2B_Shop_Phrase,8,1,3.9,0,3.9,,12.5,0.0
"""bulk wigs""",Phrase match,AU_Generic_P-V_Beauty,Hair-Appliances_Bulk_Phrase,4,1,3.89,0,3.89,,25.0,0.0
[bulk champagne glasses],Exact match,AU_Generic_P-V_Food,Glassware_Bulk_Exact,10,1,3.88,0,3.88,,10.0,0.0
[bulk christmas decorations],Exact match,AU_Generic_P-V_Celebrations,Christmas_Bulk_Exact,3,1,3.88,0,3.88,,33.33,0.0
"""flower shop furniture""",Phrase match,AU_Generic_P-V_Shops,Furniture_Phrase,6,1,3.87,0,3.87,,16.67,0.0
[bulk fragrance],Exact match,AU_Generic_P-V_Beauty,Fragrance_Bulk_Exact,4,1,3.83,0,3.83,,25.0,0.0
[wholesale makeup],Exact match,AU_Generic_P-V_Beauty,Makeup_Wholesale_Exact,6,1,3.83,0,3.83,,16.67,0.0
[wholesale pots],Exact match,AU_Generic_P-V_Food,Cookware_Wholesale_Exact,3,1,3.82,0,3.82,,33.33,0.0
"""bonnets suppliers""",Phrase match,AU_Generic_P-V_Apparel,Accessories_Suppliers_Phrase,1,1,3.82,0,3.82,,100.0,0.0
[bulk women shirts],Exact match,AU_Generic_P-V_Apparel,Tops Women_Bulk_Exact,2,1,3.82,0,3.82,,50.0,0.0
"""bulk bikinis""",Phrase match,AU_Generic_P-V_Apparel,Swimwear_Bulk_Phrase,3,1,3.8,0,3.8,,33.33,0.0
[florist equipment],Exact match,AU_Generic_P-V_Shops,Florist_Exact,15,1,3.77,0,3.77,,6.67,0.0
[gift wholesaler],Exact match,AU_Generic_P-V_Shops,Wholesalers_Gifts,9,1,3.76,0,3.76,,11.11,0.0
"""bulk conditioner""",Phrase match,AU_Generic_P-V_Beauty,Hair-Styling_Bulk_Phrase,4,2,3.74,0,1.87,,50.0,0.0
[commercial food warmers],Exact match,AU_Generic_P-V_Food,Serving Line_Exact,26,1,3.61,0,3.61,,3.85,0.0
"""bulk champagne glasses""",Phrase match,AU_Generic_P-V_Food,Glassware_Bulk_Phrase,2,1,3.57,0,3.57,,50.0,0.0
"""wholesale laundry""",Phrase match,AU_Generic_P-V_Food,Linens_Wholesale_Phrase,2,1,3.56,0,3.56,,50.0,0.0
[shirts suppliers],Exact match,AU_Generic_P-V_Apparel,Tops_Suppliers_Exact,17,1,3.53,0,3.53,,5.88,0.0
"""wholesale floor mats""",Phrase match,AU_Generic_P-V_Janitorial,Floor-Care_Wholesale_Phrase,4,1,3.5,0,3.5,,25.0,0.0
[ingredients wholesale],Exact match,AU_Generic_P-V_Food,Wholesales_Food_Exact,4,1,3.44,0,3.44,,25.0,0.0
"""wholesale plastic""",Phrase match,AU_Generic_P-V_Materials,Wholesales_Plastic_Phrase,38,1,3.4,0,3.4,,2.63,0.0
[wholesale trays],Exact match,AU_Generic_P-V_Food,Plates_Wholesale_Exact,1,1,3.4,0,3.4,,100.0,0.0
"""industrial scales""",Phrase match,AU_Generic_P-V_Industrial,Measurement_Phrase,3,1,3.38,0,3.38,,33.33,0.0
"""knickers suppliers""",Phrase match,AU_Generic_P-V_Apparel,Bottoms_Wholesales_Phrase_Phrase,12,1,3.36,0,3.36,,8.33,0.0
[bulk vegetables],Exact match,AU_Generic_P-V_Food,Food_Bulk_Exact,2,1,3.34,0,3.34,,50.0,0.0
[business stationery suppliers],Exact match,AU_Generic_P-V_Office,Suppliers_Exact,15,1,3.33,0,3.33,,6.67,0.0
"""shea butter distributors""",Phrase match,AU_Generic_P-V_Beauty,Skin-Care_Distributors_Phrase,9,1,3.29,0,3.29,,11.11,0.0
"""start-up equipment""",Phrase match,AU_Generic,Enterprises_Products_Phrase,2,1,3.28,0,3.28,,50.0,0.0
"""setting up an amazon business account""",Phrase match,AU_Brand_Phrase,Account_ Phrase,1,1,3.25,0,3.25,,100.0,0.0
[bulk tissue paper],Exact match,AU_Generic_P-V_Janitorial,Paper_Bulk,3,1,3.24,0,3.24,,33.33,0.0
[work from home equipment],Exact match,AU_Generic_P-V_Office,Wfh_Exact,3,1,3.19,0,3.19,,33.33,0.0
[wholesale tv],Exact match,AU_Generic_P-V_Electronics,Televisions_Wholesale_Exact,2,1,3.17,0,3.17,,50.0,0.0
[bulk foods],Exact match,AU_Generic_P-V_Food,Food_Bulk_Exact,12,2,3.16,0,1.58,,16.67,0.0
"""cutlery wholesalers""",Phrase match,AU_Generic_P-V_Food,Cultlery_Wholesalers_Phrase,2,1,3.14,0,3.14,,50.0,0.0
[bulk coffee],Exact match,AU_Generic_P-V_Food,Food_Bulk_Exact,4,1,3.1,0,3.1,,25.0,0.0
"""wholesale online shop""",Phrase match,AU_Generic,Wholesales_Buy_Phrase,1,1,3.09,0,3.09,,100.0,0.0
[commercial ice cream machine],Exact match,AU_Generic_P-V_Food,Kitchen Tools_Exact,7,1,3.02,0,3.02,,14.29,0.0
"""wholesale crisps""",Phrase match,AU_Generic_P-V_Food,Food_Wholesale_Phrase,3,2,3.0,0,1.5,,66.67,0.0
[wholesale sugar],Exact match,AU_Generic_P-V_Food,Food_Wholesale_Exact,8,1,2.93,0,2.93,,12.5,0.0
"""power tools wholesale""",Phrase match,AU_Generic_P-V_Crafts,Hand-Tools_Wholesale_Phrase,1,1,2.92,0,2.92,,100.0,0.0
"""glassware wholesalers""",Phrase match,AU_Generic_P-V_Food,Cultlery_Wholesalers_Phrase,7,1,2.87,0,2.87,,14.29,0.0
"""bikinis suppliers""",Phrase match,AU_Generic_P-V_Apparel,Swimwear_Suppliers_Phrase,9,1,2.85,0,2.85,,11.11,0.0
[power tools wholesale],Exact match,AU_Generic_P-V_Crafts,Hand-Tools_Wholesale_Exact,2,1,2.85,0,2.85,,50.0,0.0
"""bulk whisky""",Phrase match,AU_Generic_P-V_Food,Drinks_Bulk_Phrase,7,1,2.84,0,2.84,,14.29,0.0
[bulk noodles],Exact match,AU_Generic_P-V_Food,Food_Bulk_Exact,11,1,2.79,0,2.79,,9.09,0.0
"""bulk refurbished phones""",Phrase match,AU_Generic_P-V_Electronics,Phones_Bulk_Phrase,5,1,2.79,0,2.79,,20.0,0.0
"""plates wholesalers""",Phrase match,AU_Generic_P-V_Food,Plates_Wholesalers_Phrase,12,1,2.77,0,2.77,,8.33,0.0
"""vodka suppliers""",Phrase match,AU_Generic_P-V_Food,Drinks_Suppliers_Phrase,1,1,2.73,0,2.73,,100.0,0.0
"""bulk film cameras""",Phrase match,AU_Generic_P-V_Electronics,Camera-Accessories_Bulk_Phrase,1,1,2.64,0,2.64,,100.0,0.0
[wholesale paper towels],Exact match,AU_Generic_P-V_Janitorial,Paper_Wholesale_Exact,2,1,2.62,0,2.62,,50.0,0.0
"""bulk floor mats""",Phrase match,AU_Generic_P-V_Janitorial,Floor-Care_Bulk_Phrase,7,1,2.57,0,2.57,,14.29,0.0
[bulk air fresheners],Exact match,AU_Generic_P-V_Janitorial,Odour_Bulk_Exact,6,1,2.56,0,2.56,,16.67,0.0
"""furniture suppliers for retailers""",Phrase match,AU_Generic_P-V_Shops,Furniture_Phrase,29,1,2.44,0,2.44,,3.45,0.0
[bulk sugar],Exact match,AU_Generic_P-V_Food,Food_Bulk_Exact,10,1,2.42,0,2.42,,10.0,0.0
"""bulk human hair""",Phrase match,AU_Generic_P-V_Beauty,Hair-Appliances_Bulk_Phrase,6,1,2.4,0,2.4,,16.67,0.0
[wholesale briefs],Exact match,AU_Generic_P-V_Apparel,Underwear_Wholesales_Exact,2,1,2.38,0,2.38,,50.0,0.0
"""mens bulk ties""",Phrase match,AU_Generic_P-V_Apparel,Accessories Men_Bulk_Phrase,8,1,2.36,0,2.36,,12.5,0.0
"""crisps wholesalers""",Phrase match,AU_Generic_P-V_Food,Food_Wholesalers_Phrase,3,1,2.36,0,2.36,,33.33,0.0
"""wholesale headwear""",Phrase match,AU_Generic_P-V_Apparel,Accessories_Wholesales_Phrase,4,1,2.29,0,2.29,,25.0,0.0
"""toilet tissue distributor""",Phrase match,AU_Generic_P-V_Janitorial,Paper_Distributor_Phrase,6,1,2.26,0,2.26,,16.67,0.0
[bulk tissues],Exact match,AU_Generic_P-V_Janitorial,Paper_Bulk_Exact,3,1,2.25,0,2.25,,33.33,0.0
"""paper products supplier""",Phrase match,AU_Generic_P-V_Janitorial,Paper_Supplier_Phrase,14,1,2.17,0,2.17,,7.14,0.0
[sweaters suppliers],Exact match,AU_Generic_P-V_Apparel,Tops_Suppliers_Exact,1,1,2.16,0,2.16,,100.0,0.0
[bulk conditioner],Exact match,AU_Generic_P-V_Beauty,Hair-Styling_Bulk_Exact,1,1,2.11,0,2.11,,100.0,0.0
"""wholesale occasion""",Phrase match,AU_Generic_P-V_Celebrations,Wholesale_Phrase,17,1,2.05,0,2.05,,5.88,0.0
[wholesale chocolate],Exact match,AU_Generic_P-V_Food,Food_Wholesale_Exact,11,1,2.01,0,2.01,,9.09,0.0
[bulk shampoo],Exact match,AU_Generic_P-V_Beauty,Hair-Styling_Bulk_Exact,6,1,1.92,0,1.92,,16.67,0.0
"""wholesale textiles""",Phrase match,AU_Generic_P-V_Materials,Wholesales_Textiles_Phrase,13,1,1.91,0,1.91,,7.69,0.0
"""bulk cereals""",Phrase match,AU_Generic_P-V_Food,Food_Bulk_Phrase,22,1,1.9,0,1.9,,4.55,0.0
[bulk shea butter],Exact match,AU_Generic_P-V_Beauty,Skin-Care_Bulk_Exact,4,1,1.84,0,1.84,,25.0,0.0
"""bulk straws""",Phrase match,AU_Generic_P-V_Food,Barware_Bulk_Phrase,11,1,1.82,0,1.82,,9.09,0.0
[nail implements suppliers],Exact match,AU_Generic_P-V_Beauty,Nail-Care_Supplier_Exact,32,1,1.74,0,1.74,,3.13,0.0
[bulk chopping boards],Exact match,AU_Generic_P-V_Food,Kitchen Tools_Bulk_Exact,2,1,1.66,0,1.66,,50.0,0.0
"""office products""",Phrase match,AU_Generic_P-V_Office,Office_Phrase,1,1,1.65,0,1.65,,100.0,0.0
"""bulk cutlery""",Phrase match,AU_Generic_P-V_Food,Cultlery_Bulk_Phrase,5,1,1.62,0,1.62,,20.0,0.0
[dog treats suppliers],Exact match,AU_Generic_P-V_Pets,Food_Suppliers_Exact,2,1,1.61,0,1.61,,50.0,0.0
[bulk snacks],Exact match,AU_Generic_P-V_Food,Food_Bulk_Exact,16,1,1.58,0,1.58,,6.25,0.0
[canned food wholesale],Exact match,AU_Generic_P-V_Food,Wholesales_Food_Exact,3,1,1.52,0,1.52,,33.33,0.0
"""commercial coasters""",Phrase match,AU_Generic_P-V_Food,Barware_Phrase,1,1,1.45,0,1.45,,100.0,0.0
[office supplies],Exact match,AU_Generic_P-V_Office,Office_Exact,30,1,1.43,0,1.43,,3.33,0.0
"""event distributors""",Phrase match,AU_Generic_P-V_Celebrations,Distributors_Phrase,4,1,1.4,0,1.4,,25.0,0.0
"""industrial hinges""",Phrase match,AU_Generic_P-V_Industrial,Tools_Phrase,9,1,1.28,0,1.28,,11.11,0.0
[bulk brushes],Exact match,AU_Generic_P-V_Beauty,Hair-Appliances_Bulk_Exact,2,1,1.26,0,1.26,,50.0,0.0
[wholesaler au],Exact match,AU_Generic,Wholesalers_Exact,12,1,1.2,0,1.2,,8.33,0.0
